protein_id,sequence,length,dg,log_cdil,csat,cys_fraction,hydrophobic_fraction,aromatic_fraction,disorder_score,cys_violation,hydrophobic_violation,aromatic_violation,disorder_violation,any_violation,penalty_factor
063,QPPTYPMMPLVQWSEYVKGEMDQEPCRVAIFMFASFRFRAECPWFESRWTRPMPGRHQGMTDWGINYHPSQVSAPWFKNAPNCQRQSSLRMRYAPRTIPSLHHRGNQTFNTQHQRYVGAPIGIMTPDTSNRLWHHWKIIHIMQMTPSSTGMGINIDSNDGNHSGRQTNANHMRQNPINWQLPPKGNPVDHYTTLASGNDSELWFIPERTTLPGSWWCKWDGSGRSFIETASQADFECILLGTVKPQYKEFHCFLQM,256,-8.129727,-1.8285633,0.16064419,0.0234375,0.33984375,0.12109375,0.37653515625,False,False,True,True,True,0.9891220969745907
060,HAINRENIDNSWESFSVITWSTKCREGFPIEQPWQNDCIYHVKYSDHRRYVDNNIAQYVSRDYAYPEMPWEGAWHFNPLTAEGYVGNRTHQTPIMDSSRWKRRGPGVYNRSTNIDTIKYPLHKCEPADRKQGYSMPIMCYRHNYANRQPRNWLTMGCSRNSGYDSVDHNECQVGNRPKGRMFHRCCSPYMEPGQFNRSNQDPIENLTGPKMRRNFGGSHAHPDQMENGEDTPFAHEWTMPRLGHDQAWNTTVPWEP,256,-7.9281497,-1.7775773,0.1690472,0.03125,0.296875,0.12109375,0.43190937500000004,True,False,True,True,True,0.976835024950062
036,SYFGNSKGWSEYPPPDIFYEKCALSMRSRNGIKWYNDVIFNFPLGYGIDVRGSQSPQEKYRNFMSEMDDCGNDMMEQPTLKPPEQANIQQRVDTMGDMSMGVFPRKQMAYFETGRMHATPTKTYPLGGMSGLSRQRPDNQSNEQERGKLMDLPTPMLWMRGSKLYFSTLGGTYAHYQLSRNLGYHGNRPDDCMQHIRQNDGGQQTGANQFQEMETRYRTRGPHAIRRGKGVNNFHQFYAKTEQDEDDGHEATYTID,256,-7.40173,-1.2709757,0.28055775,0.01171875,0.30859375,0.11328125,0.530363671875,False,False,False,True,True,1.0
026,PLRQRTHMPFRDIGMCDWEQWDRHKRYDCMMPKMSHTDNIRFVGHQDVRNSYDKEFATAGEERQRGRRKHFDHIDCRLITMLFRDRTDNPTHSQHMWVGEPFPGNSQHFNSHDCVESTPDHNNECGSGIPYPHSVMSKNPQNLSDSKLEYWKEGYQVQRHRMHCPHKGTRWYIVRHYFHRGEVSSHHEKAYMIPYQQQVSSQRWAEKRNSCFTLVKFQSIGVWRSAELWGELLESYQSDMWNPEYLTIMQQKGNVG,256,-7.1178193,-1.0671928,0.34397277,0.02734375,0.3046875,0.1171875,0.363062109375,False,False,False,True,True,1.0
012,QRCGTGGEEESEDMWAFSKICGRKSKGFSMGPWCAYRLPSVNGQYWASLMLTEQIQLGVYFMPQRKNNWMGKHNNIQSKPEVGATAPSHRHANNVRTFNPSDGHKKQNLLQNSDRQEQMGFWFTRFPRARRQFPRRQSGNEYQHRGKDRGHEEPLNQDLGIHNPGYKKSADCMYGEQRCYPQQVKNGHLLLKFKKYLRSNQTQYIGSLYKRQDYHGYEDYTYQHKDRDRSEDSYNNREPDNLVDPIFGQKPMVPLM,256,-6.60496,-0.68041724,0.50640565,0.01953125,0.29296875,0.1171875,0.512761328125,False,False,False,True,True,1.0
007,LHLLAPMMPYRMRLKIMTLMLIYVFAKRENIPSHYNFKQAPTNGHCFNVGKPRHWNDMRWDQSDCEPDMEQEEQLKFMCCRSNCSDQPTTWQRHQMVHFQTERGMEFQGNTNRPPWQWGKINPTLAVWKEWLIRNPISKREWKTELPSHHEVNTKSIYHRNIRTRAYDRHPCEMHCESKACRNIIYKNAEMRGTFEDSQEYDNTGREHHLKKGQVRSHSMRGMSQEMGMEYWAHMKVGEISLKPYDYPYDSSGPHP,256,-6.4114614,-0.4666366,0.6271079,0.03125,0.3203125,0.10546875,0.38591835937499996,True,False,False,True,True,0.9875778004938814
006,HRDASQRNRRMSMWTCDDNFKILLNFQVYSRELKPDVHDTRDQRDQEHPKWMNWAFQFKGIWFPVWAPMRGNPPQQGFPQMMYFLKRTGGSNLPEAKEHGFSCTDQQWYQWRNHNYPPVTMRHPQETESNVQHLKPGHKTHAWMNPTSQDTIPPDYWLLHQFPHFHTFQNGRPGDSKHTYAVDSTKNQQQNVEDFCENDENVQTSSSWGRMGRNTTHGRKTNWSRRHHNVDTFKPQNVDCSPEPGEYHQNYGGGIF,256,-6.375031,-0.40614164,0.6662158,0.015625,0.2734375,0.12890625,0.529423046875,False,False,True,True,True,0.9147883975128741
005,PVISDPDENDIGHKAEDSGIWTEKTSKSQPSMYANYHMVKGQRIKHQTHISCPQTGTLEGHPIDSARQIDMPGANGSSYRQQTFDDGWNIREETGEYSDNMQPAMMGSKNTITKCRTSHVHYNIQVTNVWLSRRYCWRFSGRAWFAKSKFERFYNFTRQWADCSHNVCNFHSIATRTNMHRDYIPEFLLGSQDYLSNMDRMSKESPDSFIQHDSPYSYQPMGESFQMNKQMRETGVCYWKRNSDNNSRMVNFRDKS,256,-6.3234982,-0.37678108,0.68606627,0.0234375,0.3046875,0.1171875,0.405070703125,False,False,False,True,True,1.0
004,PDTVHLMGRPPCVLGKGDFTTRGGMIVEFTQMWHRPMKQAQAPYIQGKKFNSLSDSWFHLCHTIFNDEDHEKGTQLMLFLMSVARQFPWHLGSKIMWKSQGCRMWQWPAHVGKCDPHQLFTKEFIARQGEQWPGGRQYWPLPTGMNQVGIPAETHMDMKNNHEYHDYSTKHRCQVWQEADSQASESKRFGRQHKNNQANYMDYTSRMYSQWQRLTQNPQSIGPLTASQDGNHTENSFESKGDINYNTQLYPPSEEH,256,-6.4254956,-0.37671757,0.68610984,0.01953125,0.31640625,0.1171875,0.41997734374999995,False,False,False,True,True,1.0
002,FGGYDMNMFQESKDMYFFMYGHVCAVSFYDCFIWDTIKNAQRDFDGDSQQVLHEPHPRHGHHRIINEKASFQRWQRCFTEGNRYHQAQSGEQTTPTYRRFRHDKFKANQKPNSMGDSNPSQPTDNYSMMYCISFKENHILIKMPHAHDSQPDLKTRSYPPRSHELMQCKGMNPMSVMPMIAMVLYGGIRSPWNSKNQHPEMGMRGTTTEDWEAFTTWMINQWEPTPGGNSQKKTQCNRLRIGREFPHQDIYVPPTE,256,-6.2929826,-0.31054854,0.73304474,0.0234375,0.3125,0.12109375,0.476438671875,False,False,True,True,True,0.9891220969745907
001,MSLRGKGDSNHHGALAPHPWAQTFLMLATDPFKNMGPSDGRCPYFNWQKPESKNYGGQQNNHWHPEEGSLKMLYMGMMQNNLNWWSMILDRTHKRGKRKGPDGPIIRLPWNSQGMKRRHAMHGNYATHPVQVQTMTSNVNSIMPFEDPRHQHQQQDMKSHREQAQCFNFGYDRCKLPREDCNTGLSNQRRKDSEEKEHKREYTSQHVEAEDHGISQMWYIWVAHTRDFQHVFTMQELLIYFYTHHYQVAGLRFPSK,256,-6.1570597,-0.21479905,0.8067035,0.015625,0.31640625,0.109375,0.48484062499999997,False,False,False,True,True,1.0
003,SKWVGLQMGRAMNLQYIGTRQGQSNHCSMPPEVGWEYRPSFHAEHHNQPTNFSAYPFNHEPMTIRQWCHYWVWWRFRVIWPLHTPFIKTMYIQFRASRFSPIQTDRTFKGRKTNDDGIGKPRVFTFDKQYKHTYPHENGSSSDLNHAMDWAVDNAVVPWTEKYQGENYSRSKQTMPREADTPECEIPMSERVAEQGVEVTSRRWHPVNRRPEIECRLLGTEQIGRAKSCRMMHGMTLHSNFVPQQHGPPCNNPRMG,256,-6.06979,-0.170502,0.8432414,0.0234375,0.3203125,0.1171875,0.42463085937499995,False,False,False,True,True,1.0
008,EHNDYMANNHYNEGHWPVPVWRAHDQHTYTYVAPRYAQKRQPECSTTPTRQIHRNPNMKRHWHRGQFTDNYDIHHDALPQLYCIEGHDVHTSGDNYTPVSDGYMFLSGQCNQKEQFPIYNAYYLQHYYMHPRKGVDQFVPKIWCEDFQRSQQQYSDQERGKGQQNMREPSKGRQFPKSGSKESQGLHFVADVTYQQYRKNLHDFNNMKTGTARPSSDQQEVSVPHRMQQGVGSETRDEETHNQRMYYFYTHDFGSS,256,-5.9186697,-0.024050193,0.9762367,0.015625,0.28515625,0.1328125,0.5171949218749999,False,False,True,True,True,0.8797434043458189
009,WGHKLQPFQYSSTMGSPDFEPLKGFDNDFGAYCLNGNCMGPTNCNGFTQPKHRIWYERSYHIQWKKPNGITFWDFDGVDENTPRSQPTDQSANTTVNTEPMSPSSWDTVENSQAASNTAPFWLIMHMWDNSDRDRTQAPVPRHYWCGQGGFPYTSDDDMTRRDHQWDGTLIDIKNYGTQICWGVQNAHHVEESEWMDTAFPTRFQNPFGRSMPRERNPPARMIAQGQHVLRAGHDTNRKDPQMPTRRGCGCWNKGK,256,-5.89706,0.028004091,1.0284,0.02734375,0.28515625,0.12109375,0.5018976562499999,False,False,True,True,True,0.9891220969745907
010,QSSVGKAQMAGPGQMNEPHLDNNFLDHKNQMHVQSNVRLPCGGTHVDMRQFPRPSIRMHWESHTERPGHWQAMDFVSKYNRHHNIAQMIHTARKVHDLNYNYPVFFSETMHFRNKFNYYHSLRHVSVGPHHRGGVWGFDCDGIVGLTPVMGPPNCPRYQQMQRDIRSVTSYRRTQKNRHFWFLHMHQLYETLQMLDLMNHSSKRQRQGENFDGPRTYVRRDFRACIASNTPGGLQHQLHNDLSPRATPPNVHMIPM,256,-5.7804155,0.06729748,1.0696136,0.015625,0.328125,0.09765625,0.442536328125,False,False,False,True,True,1.0
011,MLIAGIQAWQWRDTPDMYHKRAMSLIMFHTRQDVEAQWKHYMQSGPRCNSTGAGANDDFDCPIFPMHHFEDSELTRQITNDDCYAYPKCTGHCRFQTHFCFSKSDNRVLREHTNDGDGDTEMSQDWPDELFPESPQSDKEAGNTDDFMAKLVSRNPTPDPLGVMQHMQKSPVQDLPNTRSEFGNFRFDCLTLQFKKLRQPGWMRAVVAKHIHYIRYHEKDNHTSDQRANMSEHHCGIKKNISGFMRRAQPYIRYQG,256,-5.7481236,0.084470965,1.0881412,0.03125,0.31640625,0.10546875,0.42867187500000004,True,False,False,True,True,0.9875778004938814
013,IGYTYALCWLYSGLKKGNQHDECKFFHPKHPNNRYHESWHRPPSHLVGFHFFTTVKVHQQVMGKMMHKNTRNIHAHPHFPQNPGSRRGAFHESMWPDMGSLYPYQREQVGVHFFIGTPTMHEMDKWQAFSYRQYGDFSPKEHDQSRAGSSRHTSKGGSQQKFLGGMQKHGADMNDHPNLTPHMPIQKEGDQGIHFQWPPKVQQKQFGVHINNDYTHLHECKNFVYTLTTCFKTDVCTSELASSLPLPNEDEISMGA,256,-5.7375746,0.2175837,1.2430695,0.01953125,0.30859375,0.12109375,0.45156953125,False,False,True,True,True,0.9891220969745907
014,PGSDSPPDEMRCGHMRKAYMWLNRHITFPCIHCISFEVVNYPCQDSKASDYDRPSKSWGVRDCNKEMDKAHQLMSDSIMHMGINCNFEVMWVQKQGMGGRSGSQNHQGAAYLNDSDHMIMVSCEQHHPDSMGMWNTYSYHPPRYRDREKNYDGEKPTSRHQMGMHSPMSQESGRMNNYAREDSFQNMDRIQYECGESSYSRSQHEHATEYQQGDPLFIDQYQPYATSSLAEGHKIQFRSSQLRKRPQSNHRKFRLL,256,-5.652286,0.22006811,1.2461616,0.03125,0.29296875,0.09765625,0.500600390625,True,False,False,True,True,0.9875778004938814
015,FHWDPNHGTQCWIEQTTCHPNIACMTSSEPPCNEENQSPWAIYRHNHEGEIEDVYSQPRTDAWLSQRGRIDRGDPGFWMARKYSSHHSVFICSCNGFVIHTARCSHDRQMNSEIQPQSIWHFDPWMNHCTRTINGNGASTTYTNDQFQLMRTWQRHARSDKSVDKWPKKDDRHPWHPFWDWTSRLEPTGVDDKMIAAHRTCSDRKIHDIYRQHGMAPPVNTSMNPTRAYSTNEQMIRSIRESEQPMHFRELNHFGL,256,-5.567808,0.2693137,1.3090657,0.03515625,0.2890625,0.10546875,0.410598046875,True,False,False,True,True,0.9497442890891235
016,KAESILEKPYKRQFMHCLQPVPESKVHEMYGFDRYRYYTGTYGQCWERIPTHIIDYHSWYENGSASAMDDWFNMGKFIKLTFSMGPREGEPPHCTYCYGRPGIQYQHRQNPGSQRAKQWDNENEDADEHHRDAGSTDSSECDCGPMRAIPNHYTEDDRPNVDHGNKIHTRLTSRQMDGKHFHQDRNYPKSKFGGHGRLEQIQGHMEHHNHRCHTSDYDLEGNSAHPGVNAQFIWYVDHAGHLYEHRSDVIGLGCTR,256,-5.4932747,0.27178377,1.3123032,0.03125,0.28125,0.11328125,0.47582539062500007,True,False,False,True,True,0.9875778004938814
017,GPEDDIYILAWHYMGDTQQTDHFLIKSLMRYYTNHRRPHANSYLHDCGNMTDFESHGSKPCYSDWDPENVHYPQPGDKWSFNHWTQPNGEDGLRWPKNHGTTVDFVDKPGQTRHAETCFHGFRLKCDSGMFMMGHSVINQPRTVCTCAQEKTTPQDGWIKKEEAARWPLRHHNLNVHKAKNSDINPHDMLCSRRRVDFLSWQTERRFSTVSRQQWLYSTPHKATITIHPKPQGPLIMCAQAQSKPNYREQGASNKG,256,-5.519078,0.3261606,1.3856379,0.03125,0.29296875,0.10546875,0.42064140625,True,False,False,True,True,0.9875778004938814
018,YEWTVRGIKGTCTNKPWLGIKEQVNKNVSQQQTYSPATQRRLDLRFLDQGNDPLQFYSPFEMFMGDEAHLHKEQGPCYEDQRNRQKQYWPREKQFGGAKKYGTGLNWTPSQREGWNQSPTMYNKNSDWRNGNKMNCYTTVTKDDRDRVNRHGQVKLYHQTNGRENTMTGNFICYAVNKWQNSWNGDHPIMSYNINSGCEFSIDKMLLRDNVHIHFINYCTAAVTSVPEPQNPDLAVLCPIRYDHTVAVCDLEEWTK,256,-5.3714976,0.41512302,1.514557,0.03125,0.3125,0.1171875,0.37631445312499995,True,False,False,True,True,0.9875778004938814
019,PESDIKSGRHQQKYYHRSVVVGHPWRKITLYNYSRMQGYTIDVPLYMVGEFSFYNVYKKSCFRQITEVDKQGNHKQTKRMYKEQEHCGPDTNQNNSNQVGTYKHEAESHRPSGKWHRNNWDTKRSQSQRSRKFQFVGRCQHEVKGSDTDRFTEFSGMQTGIHWNRDGNTPRNEWVHNFKCSLNGGSIRWTLGKFGMRIENKYYETSANGHKLIAYTDCLMVYNPNLEQNEDGTLEREFKNQQMRPRAPYNTTHADG,256,-5.205027,0.43336156,1.5424339,0.01953125,0.27734375,0.12109375,0.47685585937499997,False,False,True,True,True,0.9891220969745907
020,DKRLIWWKFKEDCDSMCAPLSEIPTDTIHHGPCFVQGFITQMENHNTDCSGPNPWGTARLLETDDVQSSSARSYIRGRDSRCETMSRTDHTTENLNGKPLSRTEGSRSIYMWIMSTSHQHWQDYKFPGKDFELNDALGLISEDCRHKYGVHCKDDPDPSNFPVELIDGKRNGPMPPRIMWAGNRGHTESGQFRSPVYMARDYAHMRAAGYWYQTYKHYNIPEVISSTDQLYFHPQQTGHVMERVSGNWMGKPKGWC,256,-5.329944,0.45664397,1.5787667,0.03125,0.30859375,0.109375,0.38553828125,True,False,False,True,True,0.9875778004938814
021,GAWFDSKMCDSNRGYMYYPCTQHQSEMPNGIHWDSNLEMSLPMFNGCRTKYVNSSCSAVDEYHNSGCMPPNIPAPQSVFLQMSWWEDQGQPFYTRCFQNMGYRKYTMHQAMSADPVMGMFGPHEGPQLYWSENQRTTKTVPMPDPMVKKDQIQASGPQQKRCDWAQTANFTMSFGAENGQQKKFRPTVPMMTDRRKQVIVDKTGKRGGKVIGTRMPNEELQQQIDMRDPRDDFWIYQWPHTLNGHCTTFIHVWRSP,256,-5.4228077,0.4607178,1.5852114,0.03125,0.32421875,0.1171875,0.412275,True,False,False,True,True,0.9875778004938814
022,NCWMSSLYSRDPVCMTTVRGKTVQWFDFNWVSGYRNPDTNLLNDCNALMGPIDARRANGLIPLIFHESMTQQPKDIHFFCSYEDGREAHEPSLKRPSLAGNTHPVGLLYADLFCSPWHNHWPKKTPGNNHRNSRLDHHNLTPMGKQNEGYLHQSPQADNAAWNPDYMVKEGNGGYGIHGPQTMTPRPTPPQRNHMRWESGFGRREEQWCMGVTWVKFGEKGMKKSAVRTFYSITKAKSCKMFRNHIHERIMGRSDH,256,-5.2704496,0.4733383,1.6053444,0.02734375,0.31640625,0.10546875,0.43331562500000004,False,False,False,True,True,1.0
023,FNMFSRDWCNQDICRGAQVIGSNPQNEALPKPKRQFRSWAYQMHDKNSQMNQYMQMNGTKKSEGPARSQDSKDMTTDTLTPMKSPGNPHWIIKKNKMTCSRNIMIGQQDVFHMICGYGGSHDPNGNHTCNGFYNMCGKIGHDVTWTLDTMNHYQINMRIFTEWWQHWQLPTSFICSTTMARQGVDLEFKHQKGGNLLIYFIGHYDEQYPDNDHIDNKNAKSQFPGKTEHNFGFTVEHKRNMHRCRAYRSKPPQNDM,256,-5.309537,0.49851266,1.6462709,0.03125,0.30078125,0.109375,0.403665234375,True,False,False,True,True,0.9875778004938814
024,WHLAYKDKPHMHRFWKGAMNQACCPETSSWPVAMNYHNSKRTDMTVRMIYQEMMQSIGQFRSKHWEIYLCETQIWNGPKMGDGFGIAPFVGGPSLQMQHMPYGVSKGQRQNNLEWHIVKPKRTHHPRLKYHHESQYNYEHDWKTKECRPNVLICPDKRYPDQFENAQRKQCMTGWECRRDSNGSQLETAAEDCTRRPQGMTRWGENANTGKIYKGYNYQKSDDESHQSPWNIPDSHRNLGGRPHSSHCSNQRMMHE,256,-5.152197,0.5251956,1.6907896,0.03515625,0.28515625,0.10546875,0.437379296875,True,False,False,True,True,0.9497442890891235
025,CRNHAQRGMIKVQKIQPNQLNFSLLVQPRQHQIDMMCNNDWVMPYHMSSMSMHKHVDTSSLEPLAHDQRMRKEEHGEKGSMGYIRRKWQMNPCLWPNFGNKLITARQQQTNWAEENEQTRYWRFHLPTALMFGQGGYFEQEVNCEAQSNEGESQHEVHFSKGNEARELRCTFPEVGMYEKMIQRADQIGIGVNMSVSRSAPFPIKMFWVSLPDEHIVVGEGGKQLPGDRETQWGCSTHGATCFRREKNRTWWAMRQ,256,-5.2507105,0.5479027,1.7296216,0.02734375,0.33203125,0.09375,0.40971171875,False,False,False,True,True,1.0
027,HHIQCYAYDTPQQQQISDMQHVVPKMSGENSEIYWLQLYAPFMGRGAKCMFNEANCLKMWGGSRAMHSFATKDDPGGSYEPIMRVTHMMPNEAYCRHIYSDKQFRNEYTAIRKPGAQDFNQMHTHGTFYYSKGTQSFAYMNEDWDEEMPKQITTPIPRNPWCSQHDQPNWWIYTGGLVPHGLPFSVADKPCQQPQTLEGPCERNGRWNAAGHMLCDPGLNNDMKNREIGSSEHSADYNHDKQRYMKFGNWGGKHMK,256,-5.2758327,0.5812963,1.7883552,0.03125,0.328125,0.12109375,0.38118671875,True,False,True,True,True,0.976835024950062
028,YDLMVDVLFTSDHLNPNIHYGIFVRFKPGHVHSSNMRMARMPSRTTNPYGRQGWDQSYDCGMNRKQCHIGSSGNMHDIVDWNPDDGLPNLTPFYYTYQGACMTQSEMNDHEKTNLIGPTNHASNLDRRVTCKTHGKKCSWSKLAPRYVQENLVFGDGSHWPLHLGFTNTSNSPITTLVTYSPDVMSYNPPGYHTSVCMSKHNTSVDPSRDDHTGFERFTLMTQFNGTFDKNHYNTRKMQRCHGQVLALVQHERQHA,256,-5.3693004,0.5945873,1.8122829,0.02734375,0.30859375,0.1015625,0.38798671875,False,False,False,True,True,1.0
029,LGIERKIPGQDDTQIEGQIIVGVKDTNEDPRVDIGIQHQTGIAYDFTVGWFGHAIWFEDHVVWKERFEVKATRFDPSNGQYDHGSRMPSGQIINEMPSHTRFEFDSDKHLKQIMRPSWHGHPQQRKFRDKNFKGIQMADQHGSNKYIQIHVIGRGTQFIDIAPTLEQRTCRDYDRNSKNGYPRSLQNELVHHANGDRNTPQQLLDPWTPMNEPYLIQKLDQHYKVRSGSGMRFNPMFYMATWNVLVPREMEITRHS,256,-5.0780487,0.61831623,1.8558006,0.00390625,0.328125,0.1015625,0.45290703125,False,False,False,True,True,1.0
030,CFHERDRGFVIRPHKWYDELIRQIKDFFFGAHWQPWKDPEVAQTQVWLQGYGKKKSDEGPSMYFPEMHMCNKGRERYECSWEFENENGGCDTGKGHHIKGNMICQDFPFWNYYTHEGSTQNLRQIPNRWSDAKEKGFITSCHQVAFGWQAFSAQEQRDEAHGMMLTMRKFITIQQEERGARANKDFISRQPNGNRRLLNSSHPNHPVIDKANVIRNMYAPTTKRDKPCQHSDNRGMPQGGQQSQDDTAASYCEQSS,256,-5.026115,0.6518154,1.9190215,0.03125,0.296875,0.1171875,0.45224414062500007,True,False,False,True,True,0.9875778004938814
031,VKIHRFREICNGQKGANSNRQDHFWEAEFAQTRAMDSFQTSQNVVLWETKSDNIAQMNMGYHGTRPHLNSRDYQEFSHLPLYAQSTVMYAEGRFQVKYRRNSGTSQFSLHMRFPVHMFYADHTQHDLHTGTRYHNKGPPEDTMRHMDLPNWPVYHWTDYMRTGMLSMEGHYKCAQKNINLDKPGVHRTRMGYHKPCRHVFKHRQTVKEKSRDPDMGDVVHFGTYMRGTVIFQNAAGVHHSMHQSPAQNLIHKCFQS,256,-4.982999,0.669695,1.9536414,0.015625,0.3359375,0.11328125,0.40462617187500005,False,False,False,True,True,1.0
032,DDKEMHPCQFFGRNLDFYKDVNWESLFEHAFTANHPEPCMWGNRHHAIDTQPMDHHETGRNPCPCEERSDELYILHDYTGHIKPPIVMRIGPDLGMASSPTMNDKRRNSNHMTLNHAAPDPQSTFPPRRPMQQRAKDYIWGPHRDESWENEEHHMYWMQKWRPQHTANTDLPLQNKGRNENTCGGSWYKMLGVKWYKTAKCPSVWPWDATLHPEGNPGMTTFRGSIEPTMNSFKTMMRIVKPFMRGIQMVPNDPLM,256,-5.0556555,0.6888756,1.9914751,0.0234375,0.3125,0.1015625,0.48699375,False,False,False,True,True,1.0
033,ICWPEEQVKLGGYMVAFGGASHCYVRDPFKVKNVHRFKHDDSCVTAHNANDRAGKHDWTHVNAGQTTCQRPFGCQKFSASEKQNYYIDDRDMGLLTDISDRNHGTNQNVRMGDINRLQFMLNHKYNCDNTNMNRRRMIWGRSIRLRDVQDSVWFELGDTHQTQMPWTQRHRPRHLRFTWLLNLYKPVQPAHMVGNNVFMDWKPHPEEMEALEMQHPLKIRKEERPELKAIDKQTPDYGQWTTMACHFPGTEGQQPT,256,-4.933333,0.7354894,2.086503,0.02734375,0.32421875,0.09765625,0.395440625,False,False,False,True,True,1.0
034,MENQWQKNWQHTCFWLYILYWLADIAPSVLEEFEMFHPGRTAYPEATKFWCAYNNCYIGMERPMQQFTDSDHIKQHMWHHDCLKSDQYDYSAHPSTRQNHSPETDRNHWNHADNYNGGYQRNMDIPQTPIWAIEYDTRDCRPEPSNRHKSSTDHREGDQCNAMQINSYSPSQMGWIENGTTETLGGTRYIQGHVAVVEVMLLPHSPDRGMFKGSRTGMQSNHRRIAYIFAKGDMGGHSNAMGENFVATRNQAPNHP,256,-5.0036654,0.75328255,2.1239605,0.0234375,0.328125,0.1171875,0.451915625,False,False,False,True,True,1.0
035,MLRHISREDNWVIDPTLTGVLGGLQKHKIAPKHSYFDAEEHEGHWPAWSPSDKDGDKYFSGRGTIEDLLDSQRKYFDSRGKYLKMVEGHGSYGYSIKKAIGQRMPRMWIHKQWVNEAPYMNWRPQDFGNLKDTSIPSNSMQMQMVVAPPWNRHQNGWPLTNGHAHKSQMWITTDSGSKYWEIGLYQEQLIHKTNDITRHLINNVMSDGRLKGQYSTSCNAEGTTVYNKMENPVQKSTTLNQEERMLGYMSGITNAV,256,-4.9785705,0.7604435,2.1392248,0.00390625,0.33984375,0.1015625,0.383675390625,False,False,False,True,True,1.0
037,THVVAHVYKHWFLSKTQSLTWLWGFPRYMADKDFGGWWPNAGNNMRYARGMACHYQSGMMMQGCIQMGWFNNKVCPNRSRYELCRENSPFPSVCRYGIHNQANFAHHINSNAYQPVYIMIARDGESEQKCPQMRPHSIHQDSNQPGGTAPWGVHCGKHDFPEEKCQPRIVPIIVAHNPGHRMEDGSLDMVEADESEQQQAIPVHDMSQGNKRNIPDAPIVGEFMESLFNSNSSMAKNPPSHGYGENFGNISSRLPP,256,-5.159527,0.7716607,2.1633558,0.03125,0.33984375,0.1015625,0.417659765625,True,False,False,True,True,0.9875778004938814
038,LSWHGSKWPVRTMDTMEMRWTPMPEHQLDHFNNANIELPQIYELRHITIMKKGRFQQRHKSATFMQIQMRAKGAGANLNADNEKSPCGYVRFVCPCAIPTVREREGSPDTHMQKKECIKIHECQKMKQSWPPWEDTDMNGRHFNGNGFFTNSWGDAAPKYDNFNYMTWHTDLVFQDQSNESPFNHSERRSYYLHKNNTLGSRTASQFLEITSAEKPSTAEVIVPFMAWYSMIDCIGKQWDGQACRWIQMFHRENNK,256,-4.8969326,0.8012521,2.2283294,0.02734375,0.33984375,0.1171875,0.360434375,False,False,False,True,True,1.0
039,HNVMLHPNHMWVINSIHDCTKPYDDGDFRQPGMWEDNTSQYDTKSLQGMQEETPHTEEDHEPAYRFESLIRTPMVMGCRRNYYWHPGAERFQIDLFIDRDSRQAMHEPLSEDHPNSSYAPPCNHKPPRPVETSDTSHDNAAEGDVQDDHNDKLRYPHEQNYPKLRQSSADINDPFWYPPREFSHLGCHLFLSQMDKADKHLFGLHILMMGNNPGYHYSIMLNLSQPDPRGMPASKKAPCTRRQGKIQRTMMMKKYS,256,-4.792989,0.8205892,2.271838,0.01953125,0.3046875,0.09375,0.553868359375,False,False,False,True,True,1.0
040,GQDVCWMNHNKTYSEHNNRPWFKLQICWIFILKSTDNGNYMSPYHQKDNRCSCGEEKPVNTKDEQNKAPEGRRGVMQTEPLKEWRISGEPPKLERTCGTWFGDNPQKCWGSFRPFQGQHVRHHGTCTEWASRINDDNTTKYGNGGGQSRWTMREEYMGMKRHHNLIQHQDEGGGHSGVEANRKHWVLFDRPEGDTAMYHAFQCPFEKLESPHQPVAYCFQGQRTEEFGTKWQGVKAFIIHQPNRGNQFYGLVKHIK,256,-4.764504,0.86100143,2.3655283,0.03515625,0.2734375,0.1171875,0.435965625,True,False,False,True,True,0.9497442890891235
041,SHNWAKQDKTMLCPAQAYQRNAPMNWFPFMATHMYRHVIIPNYDSCWHQHFTTYGPYCGSYREENSGKRTQHFETMSPDVPMLREPKYLRVKRKHSQEIAPGKFPWPLKRITKITGDYIFMPFETWPKPGDIKCKQPQTPEHDSHTGTMFMKTNTKLNSFQLWHTRSSQASSPHPNDREDKYWAVNWIEDKPGRVPYQMPENIHHGILDDGPAKARHCHQYNRKPQPRPQLLYHDHVYNYRKHSPAPKQYHYNMGD,256,-4.696678,0.86281145,2.369814,0.01953125,0.3125,0.12890625,0.444895703125,False,False,True,True,True,0.9147883975128741
042,CHTRAGKGEKKMAHWRISQSCNQFQNYMDDTHRSFQTYQKSHDTPKCEPYDIAKVGDEWQRNFHQDGHGMLSNCDSGQMGMYELPFSTEQPEDDPKDLNSTEDCTWYLRTTVIGQEPDTPCRQDRDACHRGFNTPSMWLPETIFRQRHHEYENRQNLPRKMWQDAEDRHDFQMPMQHFTFVDRHHRFRMNCRSSANPQQKLTSDAWEHVYQGNEQFQYVMDQILQFRVRIMCLCFKKPSEKGPSGHSVDNELQGYH,256,-4.687191,0.8630497,2.3703785,0.0390625,0.2734375,0.109375,0.4498078125,True,False,False,True,True,0.9133601567454361
043,GPRRVPMIFSNSRFSKCSFPPHVDEWQCSNKPVFKCWMHQQQRGLVDKEHMMTMEREIIPGQYEKGENMTNDWGEALGIGSYFGHWAHHLDDSQSWYLNAIIHERCSPIHHKTVMNISCPRSSYWPSLVRKEGPAYVKFTYANYPEDETPTGLDLTEIRVLRTKNTNGEFGHDKHLKDGRNTFHPKIYYRDGQFIFNDGDPLCETTHQHRYDTNPIHEHQCGRPPWKDEHFHTTQMDSQITHNHRMIVPSTECVDN,256,-4.7003794,0.90303445,2.467078,0.03125,0.296875,0.109375,0.37584726562500004,True,False,False,True,True,0.9875778004938814
044,IFPFTEHRCGTVEKYRTCADRTSCSIQDSLWQTTFDGMEFKRQYPIKTHSTEFYERNSGVDLDMKVFMPVTGMFKSCNQYTGYNHMDGTNLARQGPQMMGREATQKERPGWGMKHHLMHPDSYAPPRNDRCWPEFSWPMDFSQWNSGRGPNTSVDGRQCPGNGVDAESQAIRQSDNVPNFQPQHISTGFFPHLWHGYTKYKCKSRHSSTIQHDSLCWEIVPPMGDDMDQYLDNRNQYRPDEVLPMFGPGPEAEKGK,256,-4.756414,0.9061087,2.474674,0.03125,0.2890625,0.1171875,0.470244140625,True,False,False,True,True,0.9875778004938814
045,WMELQFQQKFEQLTFKYHGIGQDQDMNTWNHHSFGAEGHQMNCNATVYYAPRKGLKGGWHNHSDAQNHGCDKESHKYYKIQVRKQRTQTESDPNFYNEFKKRAFTEEPTYISDLKHSMPRGRTCHKEFFQECMDCQQQRNTDRYTWYQHRMLPYMSCCFHDRIVHTKEHPTNGKNNDTGDEDVYTRHHTHRIVTNGKEHKCIKNADLARPHSPARAHRQKLFEQAQNRLMAMFLMSKHRPHDLANWNNQQNGIHDE,256,-4.6702323,0.92421925,2.5199,0.03125,0.28125,0.109375,0.468275390625,True,False,False,True,True,0.9875778004938814
046,CCIQKRYWDIDNTRVKNLHSEPGRDGYGQNPNTEMNEMSGNKWFIMNLQHPDRVDLMSDMSGNLFTMSNPRQMCFEKTGWLTTRHLVLGIYAYMNNQCPTQDSHPQPPTVKTAQTRFDVHKWGPMSDHYKRRGGTTDMYCKETFIGTVVIRPQKLRQEQTMQWCCGGQPLLHMNKLDQDFFETRSIFYAGSHLIIKCYHITPVRMMQFNPFDQLTNQSENMPDEGVPDNPAGFEDPTTGEAGVEKDNKNKKFSYSW,256,-4.765956,0.92631763,2.5251935,0.03125,0.3125,0.10546875,0.405512109375,True,False,False,True,True,0.9875778004938814
047,YYNDPERVWTWVHQKHIQNNAAKVREILNCSHRNYCIHGQYPEHFNHQQRDDPKSNWTREQNLNVIHTAIWAGNRMGKDMQQIRDGELMRHNMQGFQEDGYNFHMNHYEGYYGPRMRDNGTHIDLWDVLRNVNKGWNGRIGFNMVTVQVHFATDNTGVQHIHMCGDGWTNHKYGHDPLVNNNSAEQLPRADSEWTSFMHQRHNVVGVTTNARCQYKVTIQEYQQMDYSPTNMVFAYSRNTHGTAPVDKSTSDFNPH,256,-4.8097687,0.92995656,2.534399,0.015625,0.328125,0.11328125,0.41481601562500003,False,False,False,True,True,1.0
048,DCNPLPVSDSNTESSWKPDDKPLGDDNKQNQHGAVSPEWGKRGHAVNASHDLADGQQEQNNKQEKNGDGRSGTPTPPNKSTQGWDMPYGGRTHEIKWQENSFMRSGSIKIEQPCNMYWDHWCTKKRMYYTKYGHIRENPQPMRHDINPVLHDRYSMSDNNDHCGTTFNVICPYHGVRMYGAGREWGERGNVWQMWYTTMQVPFGEASANATHSFRYVKVKRMTQDRPRPWRSHNRMQNQEFSRTKKLTRDWKNWER,256,-4.6650352,0.9310971,2.5372913,0.01953125,0.26171875,0.10546875,0.5549578125000001,False,False,False,True,True,1.0
049,WEKQCSLVKQHYDHQHKGPKVPERGPTVRTDSCWNEPKSDQRQRPWAPYPPTLTRFPNCMANPFMNNPGFEETMHEGPSWMIDDIKRTKGAEEHTSRCPYDGQQPRSRSQQSLYGKHLVPHRVDDANQYPHNMYKEDNNPKMFLTLVKSWHIFPRHRFMDNFGQTNLKRFGQVWSNMIRGAQAVQLSYRLAKEAYYGRNMFTSDYCSTPGSFWATIWEMENMKKQENPSQCRMQSQHNHTEQCHVSFPKTVNEMEF,256,-4.6323013,0.96055573,2.6131482,0.02734375,0.296875,0.1171875,0.45992226562499994,False,False,False,True,True,1.0
050,NHKPHFIVIHEPKIKIMCDPLELKANVSGHYQGATYRLMSSDTEIHQSPFRCNWQSQQVGGGNVQTRSESHYEYIGQVCKPILLHLFKVWEIGFAHHSWQQMPYFTMCDDRPVSEDETIRSNAVQDQNEGKRWYYAEMFEEEYSQIDKFGHFEEQKKHQYDGTSAKCIRQDFDQERKRKMVTWLNGEPMIFRMKPLEDGTIEKTPAKFMWQELRPYKTKSPTRNYRQQGQNGISFANDRIHPDWASNQHTNEDLKL,256,-4.470213,1.0592813,2.8842974,0.01953125,0.32421875,0.1171875,0.37363593749999996,False,False,False,True,True,1.0
051,LEWGSQQMVQTECHREVVQPDSLMKPVALWIAQEDKGKQEDDWRKWRHLMYQMKYWCKGRTSAMNPQEFPNTRTSYIEWMRICWWHDDNYQKDNQWKQNYDSNDGIPDFVGQGNDLAMETFCIFRDFYNSTHHECTHCRTDSVMYNFSPFGMTINQREGHQDANIPRQNIQKNQPHCEMMVWWRNDPPFSETRTTHQCGQQHEIDSNIPKGLGDMEKKHNQYFHPGPKSGPQWQIMLQLNITIKQQHNMDWEFIPP,256,-4.381854,1.1243149,3.0781074,0.03125,0.30859375,0.12109375,0.3924375,True,False,True,True,True,0.976835024950062
052,ERHINNHYVISMGSPDAFQSNGMGDYGLMLWPILNRDIHCNGQITGNQGENMNPGQDISETYWHQQFYQWPFHMCMRAVRFQIPSAERSNGKKVTWVYCQSRQRMPGIGQPTSHTTWANLSHERTFFVVNVNEGRYDTLLVQESNMGHRHKITGTNLTEAVRFKFLQDTPEHVVCWPISHSQNGLDYDTFVDPPSGDKKAHDTVKAMGLDAHTIRMENRQTPGTQRNDQKHMANITTNYPVRAYFNLFLRSSNNTG,256,-4.6430473,1.145181,3.14301,0.015625,0.33203125,0.1015625,0.404078125,False,False,False,True,True,1.0
053,LGHRLTGWMADMMFKMRFDAMNQEKWHTPRTEHEGKINCKKETYHEGPKGYRIDAFNGQLTWRIPTEYRATQIHHHIFGFMPEGQWMGSAFTDGVHNEKSRAQTMGRDRGSLGIYCYMDDQGNNHKCSDTASRMRLPIVGPCHLCYPRIPGQSSTNSGDGWTFPRAIDMGTEMEIYDPKRSPAWLSHLNLQPVGQQVIKSNKPTTKMFGDFDNQWPIPIHVMPQQIRASMNKHKGLCHKMICNGSIMGSNWPGKKH,256,-4.321772,1.1953554,3.304732,0.02734375,0.3203125,0.09375,0.40350976562499996,False,False,False,True,True,1.0
054,VFGGSRHDPMTRALHQSNKTKGRRTRPSKSPAWNFGDPKEVRGYTPTGGWWYRGGQTLCNYWTSPHDYPYDAIFHPGRLIPTMGKRDPGTAGPGGAQGRWECTDREPNRITYSPEHSVPPDTDRISGHHNPRWQFLTGLRSGKNEANQMCWHGTRPKAAMQKERGKISVFHEQMVEPSEEYKQASNMPQTRARQACRMKYYSQTYVENMTKFDSPQFPMDVKKDRMWRQHETGWASFGIAMHARQETYCSGQNPLF,256,-4.189509,1.2081803,3.3473878,0.01953125,0.28515625,0.11328125,0.551480859375,False,False,False,True,True,1.0
055,RSIAIPACAYMKYLSGPHTHCLFAGQQTRSGRMCDKAGDWDWKSGNDLIGMKYRGHGVNITCPKPTEKTQTTMVIFMQTENVKIHVRRYGKNHQYQDYGYPFPWMQEEPNNTRKRRKFNMGGGQKMNHGMSNDIQTQIGNVWDSGGFTLCSPGKWKQRPQLFDSQYWVNFPAIDVHNEDVRRKYGNVSIYERIIGDRQKWILPPSMYQTQQKHHDNKMDRSPQERRNGMWLRYVCYCTSSTPCVRTNAVRTSMFES,256,-4.1007795,1.2172827,3.377996,0.03125,0.31640625,0.11328125,0.370606640625,True,False,False,True,True,0.9875778004938814
056,DRYVIFMQEWEMIHSEHMNALIPRADTVPMQCQCMMQDIVQFKRYSIGYRPLYIPDFEHIPYWNDFQQKEQSTEMHAPVHGFYDCYNRKNHFFSHNDDDVDMEPHHRADRWEVPQNRSHMGSHRYVIGRYETGKMPTPVHAKASKSVNGLQQHQMQWDDPLVINPDGRSQGQPGPIQRSTKCEVKHGRPQIFDMQNDVKGSGMPIYVWDSTSVIMNHNFLHHLQEQSGEFQGMGQVSREIKDFTQFNYRIRAKMPG,256,-4.3411627,1.2314646,3.426244,0.015625,0.33984375,0.109375,0.43182890625000003,False,False,False,True,True,1.0
057,QWRCWTIKGHSRLKYAVGCFMPMRSWGMGVDRVQDLRGSRGTQTMHISCSNLAFYQHFPDRPAELYETVADKPAVIGYDMSQKFRHQEAQDTMHGMPQNAQFNDLKISMEKRHKGYTNRTMKDSDKRDFNRIMKQQPMSNPALRCTSRCYCVINNGQYQNPKDDPWNNGPLQSFTQHPIKGYYLHNEQNPWYSHMKSFHPRCHWTHKPMKDQMRVPSQMGRSLSTPHPEQICWAQQDRSPAWSPLSIQNTDDSGHT,256,-4.201431,1.2343335,3.4360876,0.03125,0.30078125,0.1015625,0.460183984375,True,False,False,True,True,0.9875778004938814
058,HDSSDSEINSTESVLKDAVDEPQHTPSTGPATDRMMVSDQSPYNDSHYFTEGQLDQKQNGPWKTQYDRKMIKTWMGSHQKTSSAKQGKFRRYHEGNINDERGGTVVTHAPVQVKLAFYRGPVNGEIARYRHPWPDITWPNKTKEWPEMFLYLYESRFRACYTELDMNEATTNNWCSKYRYKMAMGPIHEKPVLNRRRGQDLQHQDTWNRLHHGHPEPCWWPTGPTDDQQSDAEKKKVLPNNAADRGTFNIMPYGYF,256,-4.259571,1.2592914,3.5229242,0.01171875,0.30078125,0.11328125,0.5033656249999999,False,False,False,True,True,1.0
059,RNYLRALAWHDQHRAKPCSSRNPRCDFNAYYVKEQHICSWRYMDHNKKTGIYAFPCIRAMYFFMALFRKVLRMYQPDMRDKMIWSEFINMEVQSNRKMGTQDAHSDSPGAWQHEDGRRRTTTRIAMGNSTQNVEENWSPKVLFHDNAKGNANQGTVVEQNKQKKILNTQPMGKQGEVFEHTNNCQMIRPMSTFGDWHNCSDDRQNDPHRQSIRHGFKMGAQSNFDMHPAEDGLVQGHMTSLCSKRKTMGEWNIIHG,256,-4.195353,1.2672355,3.5510223,0.02734375,0.32421875,0.09765625,0.466538671875,False,False,False,True,True,1.0
061,PPPPCDQSFWWTGGTEDHFSRVRGFGMIYSATQAHMGGLKFCEIDKSQDEQQMVGIGPPKHDGRGGDIDRYMCIKSPHDPPFGKTWIQASPKLFGTGQNSPPAGLENFNAPVELFWVEGGMTFTGCPIFLSLSGMENTENKQKRRVGHRITWVRKFNPRNPIQSLKHHMWTCGQCLFHGGCDDNQYTIHPDASSPNQVIYRYYDGKDSPADNKKINDHHRMGGATGSHAKIPGQMDSKAATTINGTGSFSFVYTFR,256,-4.4101677,1.292044,3.6402197,0.02734375,0.3046875,0.109375,0.422359765625,False,False,False,True,True,1.0
062,KMGIIVQMLDSSPETPPGFKQTAEMCSRQRLYGTSQGCYSHWHFYTGTLRHWDFQKVISKNERMQTYTGEKNTLHMRLENLQRQFSHSYKQGDFGYNPTIETQGNANMPILDMKTYRMGDQDNAENPDGMMFSQHFNNPNYNKGLVHDRSCKQDDNKRPLQSQSRLRHMPCNHHYQSPSKEWPCERPGRSCMPYQMIWRQLSEYEEHVLNSFTPHQFICCSSTTPAEGKDSAMSMSRHVAVKATVTAQKGMPDDWT,256,-4.2608757,1.3152931,3.7258427,0.03125,0.29296875,0.09765625,0.48227421875,True,False,False,True,True,0.9875778004938814
064,DRQSEKPKAGWVKMYHHQTIIMPWPNFHDYPMKRCMRYEYMMQCAPRQIMFSYSGYSQRIVVLHAPMEWPSSSMCCLIAGFEMTDIWDGSNTKQGTNNKHHHYPGTNFCVDNSMAGGGHHGVPFSEPRKLAHHVGKPNGGRRNNNPHPDKNMAKWAMETGHEASPDQQMTYGPFWSLRTKCNDSSKFIYFVPSACWTRTDNPPSTFPVHAHQVFEQHRENIKMTCFTTVNPIRMKEGTHDGLTRQARILLFHNFRQ,256,-4.234896,1.3296748,3.7798142,0.03125,0.328125,0.11328125,0.385945703125,True,False,False,True,True,0.9875778004938814
065,PENINTTWSPRGMWISKFKAINVFQRMCVKSYHPTGYFDRGITKASGCSVGGQGKTGDKSQPTPKHPTILTLNGHPRAPGPYHTHSIFSGHVPIHHGEIHNVNPAFHCRLYFSDHKTDIQMVPRSGTDIQFEYRRLMRSAFGIPADCHWWKQQVMKFNKYNDDDAQERTRHDSDYFEKPKKDNNKTTTYHESGTPYVNWKLRIQENQCNFNHINHTIMYGPMLNPYWNMWSQDHRAFPITAQNNESNITAKENVKD,256,-4.1857696,1.3383288,3.8126667,0.01953125,0.30859375,0.1171875,0.430294921875,False,False,False,True,True,1.0
066,LNCDLIKVYKSTPNAKHTFKESTSRNCDVYFQPGNGTECRAFNDTNMNEWVGIGDLNSSPIAEHCPSARFKWRGFDITPHIPTQENGMQCNRWRRMMTDQVAYPAPSDDRRPKGYVKESGFNYRMNFEISFHIIMNNSPSNIKKHVINQKPRHGAREQPTIGDHKDNWFDAGHGLLDDNNGMAGGSTRAQMYNSKPNMGDPDIWMFCDDQHPLGCGTAHRGSRQGSFKFTYPRNRMEKPPHTAEDPQENMCFPHDN,256,-4.220229,1.3470045,3.8458881,0.03125,0.28515625,0.09765625,0.516889453125,True,False,False,True,True,0.9875778004938814
067,YQQRWANHDTQMHRHTVCEEDSDYKNGIHYQKIRTTQGPKYFWGDPRHCDAMWDKYQDACSNIHIRFYIQERCTPFGPSYTNHYNNSLHTGPNNSQMIPGDIPVGVIQKGYGMPNDDGMFVEERDMPMSRNTYFGQTTNRREEPGGQFQSGGYGRIETGANYDQAGWSKIYRMWNNVMFQCRDWTPKQSPETWKTQSNVMTEPFMNKSHTQEHGMTRTELFGVDDSSQPYTFKPCSQEQHACFDPQQVTKTPCEAD,256,-4.118755,1.3781412,3.9675198,0.03125,0.27734375,0.125,0.480227734375,True,False,True,True,True,0.9394130628134758
068,PNFWKCHERRAYKVDQPKFEIDDAQKGNEPSSIWEDFTPAIQNFRKLLTCYYTRAPANNQKASRACSHLTDPLIKCRHEIYYVHWKFTHMYGLKVPSLYLGNDGTREIHVIGVIRVQRDPEPMRGLEMMIMFTRDDQPWVYHMPPPNSFYKDGVSSHNPNCHTHNGESGHETQSHMSRGFNPGYTTPHMFQSEYVSSPNNNITKMCNMRPCMTAIMGEDMMRAGEATLETNEIGYWRVDRHMTVPPTDVFKPTGKV,256,-4.091493,1.4169586,4.124557,0.02734375,0.3359375,0.10546875,0.38936289062499996,False,False,False,True,True,1.0
069,IRCSRPWCSSRECIWPFYKLDSVTSIEMDPSAQYSSKIDQHRSIKQPMTYMHDKVNFHERTYHHYFVTSMSQNTKMRKQFGFQQTRHWPKPRQGRSDWEDMSIVDAGRSNDADHDPYSGTHPWHQMHEAETQKALDCGPSGTTEKEKYPTGLGLIYLFPGFFWSSEAHKRVHKFMKMDSDRTRNVSRQVGVRQPPTTSNNDYSMKSFSNNCMDQLFHPVRCHDHKWRVRHHATRSDKAQRGGEQCQEPSIEDKSKY,256,-3.9825928,1.4252768,4.1590085,0.02734375,0.27734375,0.109375,0.48267109375,False,False,False,True,True,1.0
070,PSTIWQNGMNFANRFDFKHVGHGRQQECIQKSQSMQQIVRAFDSRMMSRPIENTQVDRCTKGDAHRMQLMTDDCQPTTQMKNDRTHDSYGKSFVLQQDFKRPIGQQVSPGDSIWRCGNYSELWVPANRKGNTPLLENRIHLMGGCMWSWLYSIRNRETDQSYMHSWIQHEAIKRTEPRQPVGVKNDEFHHSILNRCFHHFAGVAPKLPASMDHRVQQPQSELENDLKRCQKQSAVEEQNTHWDTQMAHQFFGNDYG,256,-3.986364,1.4811709,4.3980923,0.02734375,0.3046875,0.08984375,0.45241757812499994,False,False,False,True,True,1.0
071,RWHGGHPCPQENRDARICGQEKFIVNDSIGLHPKTMQNFVKHTGIVWTHRGDCRQRPYQIFICSRLISQTIQKYKEWSRREDDHLWHPTYSITCPDNMMIDGVQSNNSDKYKVRMNNRDHEWGMYNKQEAKHNKSSPKPAWNMTQTHQSWPFTNWIDAQEQTWTFKTSKQPKTLNMQPCHKMRSFASLFEKTQDYLGWSSEGVTRDSLIEKDEDATAVHDWIPGCYQHPGEADVMGSFVGPSFTLTVILLECHKKM,256,-3.9669044,1.4942032,4.455785,0.03125,0.30859375,0.10546875,0.37716953125,True,False,False,True,True,0.9875778004938814
072,CPHHCAGVLSYDTDFKSMIFGKFMLIDHNTLHLNVTNMDHNANNRLPWTCPFVKQNKYFLSQASIVHCRSETHGEHKNMTIDDRQDAFAPQMFGAMHDNFDEECKIGHGHVFPIHFATGTREYERYPRHCPEISFQDIIWLSMSTGKPIPQRSMTPCGQFSNAPRTINGNWLIIMRPEDNKEFMHPSMGEEGGFKYWAFPQISHMEHNSDRMGMNNEGGRPDYRHEHQSSKFGTEHRDLCPKILKEGTPTGHIYHQ,256,-3.966136,1.5044751,4.50179,0.03125,0.31640625,0.10546875,0.38474101562499996,True,False,False,True,True,0.9875778004938814
073,KESSQYQGWMGFMHQTHHMEVRMQHEYQVRDMWRFKAPPLFGQYVEMNWCMYETMTTQASMSSMQVPHGHQYAQSAEGYATDPWDDPSRAQEHSIQVHRAKPGFPNGLFGMQRTTVVTKETCGDVHQNDIMVHHLRVYMSMRCFWDRPLGLVQKKHTSGREGCPGMFVHTVNEHQRSWTEHAIKDPKGSDWSHPTNTSSIWSTSWQPHSGNQFDEWIALNKHKWNNPSPEAYQITMASYGKWGPRPHRPGSQNDVS,256,-4.0726666,1.5343153,4.638149,0.015625,0.3203125,0.11328125,0.4425140625,False,False,False,True,True,1.0
074,GWTTDRGMTNYVHRDCIPAYNIQSAMRDQKDWSPTRMRSRVIKHTGKADRETCTRHTVKDSGFSPPKLYSGPPHQPDTWFTMLGNQGFGMKFTSLFGQMEMKWLHCNGERSVPYWVWWAKTIDHQMAYALPDSCMVHKMKDSHVNDLENHRAKFDWDHIKPFTPSMEKVYEAGKIPAQEMPIGIEHHDTGDIWNETATMSNSHSCSFGIKANSPTQWKRTQIPGGYLQHCFSNLFNEPDERIMNRDNANGNDMSQH,256,-3.9113684,1.556424,4.741834,0.0234375,0.3203125,0.10546875,0.39937421875,False,False,False,True,True,1.0
075,NEQAATSVHPATVMEHNVLGQQSVSNNHEDEPMHHGSQWRHWEQWTNVKFHHTGYWHSMDNCNAYVVGKYSHMFYLWTHRDRNDFILCCYEKTFGMQVHTWNRDIIQMYMHCMPNSHPSWDQIRFMTEESHKRGQNQTQVWGMTKVSWVVCQDRIFARGKSQGPHQRDMWKNMATQYKDTGIRNRSPRENDTTDAQTAHPNLFCCQQAGQSISPAPGDHGQRHIAQMTRLPETIKQTQNIKPQHHFSPTLKHHSIG,256,-3.9635057,1.5955936,4.9312553,0.02734375,0.3046875,0.09765625,0.455643359375,False,False,False,True,True,1.0
076,EWIRKETWVRLGNGGAKYGWVAIEPSVYHTAQQSENIFPFEDSPCTLGFPGGICRGKKMQHNIPYHHYNHMQDHRHPHMNDTNEYCMDDGVCGHTHKAIPLMPFEMVPGMGPHNGELAYKQAGEAFWLDQRSYDMTRGTGGLVKKSDGPNYYPTATQLGLIDNKPPITDISLRDFCFQTVRTSPKNWQDGVRARPDTQGRREVNPGYAMNYHGCELDAATGGLGAAMRQCCKFNNMDVVRTPIKFRAVHHGTHSIT,256,-3.926375,1.6264482,5.0857787,0.03125,0.33203125,0.09765625,0.39139218750000004,True,False,False,True,True,0.9875778004938814
077,QCQECNMAKEEGHPMERTSRMEMDEYFQQWIDNQKNYQMPMTSLNRQPSMFYFENVANQRCHQTSLGDLNIRMYRYTTVLQTTYEVQGTHTRHFNTYEISEDDVKPGNMNQGMTAYWRHGTLAQHAMSPQLDQQFSISGAMRETMTNKSWTNVDSHCYRRQTDGDKDIRSGSARVLQYILFVTENFDDSRLRYTGLIQSMHKDAGKNEGQRFNNRHENGFEQIPGTSVDGKQSPFFHLIQNDNEEFAMGGACGLNN,256,-3.762456,1.6290672,5.099116,0.01953125,0.3125,0.1015625,0.45508359375,False,False,False,True,True,1.0
078,YLRGQVQLSRACFSGHGQPREFACPYKSKFNAPRRNCSGWESGFGIPNGFHGQGSQQQPDISSTQQIWEKENMSVKKMQEQCYDSPDIGQCELYTQQQAPFQQWETPQLPNLQVPENTSMQYLWCPEKWVNDDRNHRHPGELYWENQHFRKESPFENHKQTPRHDESNFQGHPVFRTFPIKNPEATPDGKICEIGLKSKQRDAGFRMGHMNLNGDFPSKMDLHFSYGYYYQEKAKTIMEVQNTCAQESIPHHQQQD,256,-3.7104132,1.6976337,5.46101,0.03125,0.2734375,0.1171875,0.49624570312500005,True,False,False,True,True,0.9875778004938814
079,VSFITGVCKFTHNRINQPWTMSGTYGLNKTRLCGETPGALVIQQMCDTTDRQFGQSPFDKDAYMNRNWIEGMCMPDVNMIFAHYMTDINCHQHMEGQDQSSRMEFNFGGDSDLLKTPHMPMEIHQHDTERMYKISYKVTASPLKNGSNTQHSWCQNRFNHIFNETHWHKKSSKPTWHLGEPNRENHKSDREGWETRHAINIGNPKVGDMDKGLKTDTMSPLGRTPELYHDMDQIKQFYCIPEIMGYFCLQTKGANS,256,-3.7028704,1.7167948,5.566658,0.03125,0.3046875,0.09765625,0.40567382812499997,True,False,False,True,True,0.9875778004938814
080,RMLLYGQPLMQASLLKFWHNSWSFENWDAPCHCMTFTQQGWDKERQSDINDQEETCSVAWLPHCSNDQMTRSNNTQAAEQNKWQKVEERGYMKKKAGSTWTDCHWDTDDNSKTNVFHHRRSKSISNLYDCFRQEWRFLPQHNSRWMKNMPVPHNNPLGGKGIQTKDHYQDDIHETFYDLRATQNEKYQVVLQQPDYKYTMVSVHCDKHIGTCFSHPKDKILRPSHQAWKTPDSRNMAGFDPVRDSSSFAPDYSPER,256,-3.6301918,1.7405483,5.700468,0.03125,0.296875,0.1171875,0.41452734375,True,False,False,True,True,0.9875778004938814
081,YVRKLLVGCILLKEFVMNPEVHRQSAHNDMPGQEDQKMTTSGMETCMKPFTKHLYATSQDIHQTQLCFIHQSVIHPGPKMNPNKEAGVNEQGPSIEYHSFTSGDDRNELYNEMQILRWQHMSDKMSNRGDKMPYFILFVPDPPQEEYRNPGPKDHHANNTYLNYMSTWNEQIQEKTREITGFKLKEGKKYSGMFIGNHEMYAMSVESLIRFTDGNGYKNFDRGMISGVQEKFTIRGTFPRWCPNYKQAHSSQRCSG,256,-3.6289296,1.7440256,5.720325,0.01953125,0.3203125,0.10546875,0.43779140625,False,False,False,True,True,1.0
082,KFTSGAWKQGHEHHQFNAKAQNHTCIDGQPPAPHTLMGHQLKGMKFLIKPQPKAPCMLGNTAHLGEGQRAMMKFSWHECHMAIYWCGALHRKTQQVNKSHTRISINDEATQHVSHGSHCVTVHHAYHYSQHIHIFNDPDDDFCDELRMVHQIFTLQNKLYMGVLDWYKDPNYFMQNRWVTFRRPGQEYNSHSDNHQHSHSAAPGWKDEKIAHKSFECKDRLTSKRRCEFVGQPAHIFGIPPEGMVMQKRDKEMWMD,256,-3.676636,1.7615609,5.821517,0.03125,0.33203125,0.1015625,0.36713828125,True,False,False,True,True,0.9875778004938814
083,HDYGNSPTSGPWDKFAQRMTDEYTGAIPGQESNSQWWSESCNNRRPWLHIFRLSLLTVGNSMIWGKRSHFNQVKHPAEQEKSWMANKMDDPCEPRQEHAVFGTHKIKINHEDFMNISSRPSHDDYTMIYSNEQSAQTSANVKVTQPAFRGVHPHKFSVARLHWGFHVHPDFCFMMKPFWPDWHGIQEQKTYDQADYFFCNPEGDTAGMDQYMPGIATGEGANLEDRSFTGQKTGDRAQGRWFEPNGQITMQVAPRI,256,-3.5972042,1.7828037,5.946505,0.015625,0.328125,0.125,0.43311406249999995,False,False,True,True,True,0.951229424500714
084,GVRMSFRKQVHQTSGMRPGPHDPQTELRDFDPGFLWWIGVTYNKEETGETEPEDRYIQDTHGNLQMCTQKGNESEMRYSTKDIFQCMCICARYICLHWDPDMTILSIHMCAVRADHEQERHLSFEGNHQTAEQWGWYHVWPYAMYSHKTRNRKGGHSDNGEGFPSGDMYGMTQCTMRQKLADEFMTWRIQDQKSQKMHDKKWDNIKHPLVMHRTPHGNPDGILKEKDNNAKYRGTDNSQANQSGPTAPVTNKEAHG,256,-3.495304,1.819541,6.169026,0.02734375,0.2890625,0.09375,0.490101171875,False,False,False,True,True,1.0
085,GKYYSLYTPSEEADCFIAHDIHDGAMWRLDHKYEHSTDISYKTDSLHDPSVIGRTYEPASTTHEGNSGFHNYHGSRNKNNHCGYMYTCDQSMKEDPVPKSKTYKIVKQFEMSLMTTPDGKHMFNLLYRLPPRAMYKHGHFDKSELTYWQENTPRRGQPNNWDGRNSDLIDGSLCKQPPEGGFFFKINMKTDTVKHKGLNAYDMPNVSHYYKHAIIMGNPSFGSVGQPWEKTGDGTSGPTSDRQDEDQFFKAIYCDE,256,-3.4720318,1.8276099,6.2190046,0.01953125,0.30078125,0.125,0.421380078125,False,False,True,True,True,0.951229424500714
086,WPDKCGDRDMFKRTINMDTYPPSMKNPDVSPDRPPRTGPYYKYYFGMTVFCDLCDHNSHMGCDIGKDGGQNCSWGMYGQQMNRKNVHAQSNMKQFHINKPTALQKNATGVWVPKAWDYQQTDHYAYMDQLYHPQMWGRLLNMQGDKNPQVTSDQWDSHAKDTYNQEEKLKIGIGTDQTGCFNATHWHQSGPFSPPRSNWKFFVFHKDGMMNDDFQARKNSKDKDGWSAKHCNQEHSIEPQPCGAVFAAGNRRFQHK,256,-3.570066,1.8304185,6.236496,0.03125,0.30078125,0.125,0.43148164062499994,True,False,True,True,True,0.9394130628134758
087,NLPSTTSSQMAPHHLTIMNFWRMSMADPAPNMHTMGYNSGAERRSDVTRHIWMHYKHWERHDCPCTEDPLAPNQIRSATGDETRPAYQLMHTNNSCDSHLCVTNRMRSNVMQHVMSAVHGLGPTDIFFQYPNEPGGETECTGRTYIIKAQIDPLQRSPDICLVCMQPSQNMEQSNDSWFPNFNMEQDKPIKGMPNNITMFRDYYKRNSVHRYEYPLCSKTISDNYGNSTNQCASTQNKFTYLRKHIRTAGGNQNHE,256,-3.66006,1.8429174,6.3149347,0.03515625,0.3046875,0.0859375,0.439078125,True,False,False,True,True,0.9497442890891235
088,LVKASWSMAMSNETPSVWGRGVEFEPMRLNRMQEMEVFEGFHSHTNTPKQDIWNRNFKYCETHVFQNVFAPAGICSERRPLPYQYQKSHRGQAAGIKKEVTFTSIPPSFQFYYHKRHEAEDRIDQFFPHMGKQWQWTSYQESMTGMFPLHRGTQVDRIGEKQNRHTMQDTSLNQSQYPDICFHPIWIQERERFCEAMSCKITTFQLDPKEQDDTSVEHDKWKNTSQTLTPNAVTDEDDYRNFRSIMKTIVDKELQK,256,-3.4234128,1.8459067,6.3338404,0.01953125,0.3203125,0.12109375,0.39370000000000005,False,False,True,True,True,0.9891220969745907
089,RSKSQISNTSTFSHEAFNHHAPKNEGLRRCPKPQIMHVHTGMPGEAPGDTEDKHQGECSPGDMVIFAHTPVRKPGCHKGKHNQNPHVFMNGTGPLRFWMHTSMPDGGSTSLESSCTSNGTTSDDPSSMNHRTWYFKGYGQLEGRPWDMSNGGRRASCTFPSMVYTGSHKPHTYRSRFPVYDGNALSYGGHDFPRDEDHYCNTDDNKCAKRLFNYYPATSDKKEMMGQLWRMAKGQDIASTLCYEFQSAAASQINLV,256,-3.6153066,1.8565019,6.401305,0.03125,0.27734375,0.09765625,0.49768203125,True,False,False,True,True,0.9875778004938814
090,ESKPILMSGRSTFTKYHPLTVDWTPLFSEFKMFIDKGARMRSQGKTTDHDDRGRPKMQAFKEPTKGWFMCSPSRKQVRHLHRHHESNQHSMCKAHQRVPDENLEPVRVKYQVSNGGFEEVCQYMATYHGHSSRVAWYMGMNPQPFTGMVMPNRFTHVNTTQWGSTGPHQVKKKPPTDQCGVCFYCAFSRREMFPVPCSLNDPRKYMSELWTYNPDQFNKHPMSHKTLHCDLRHNYHLGPIPVGIEIKKVEPAWFSW,256,-3.3568501,1.8591063,6.4179983,0.03125,0.31640625,0.1171875,0.3823171875,True,False,False,True,True,0.9875778004938814
091,NHSQHDLLSQHWHGKRAHSKDGAHRFGLNQPRNDMIFQSEPWEGYPTQCRYDIDGERTMGNEDGDQFDIWKGTYVQDIYGQLTHGNCTFTTPKDKEPMSFCDEADRRAHGRCTKHHAGLSIYYAPGADSRKLYKQHFDYTPNNPYAESLEPDKIKHFKLNKPQIDFMRRAQTGEDRCHMYGHPCLQLHETKSVTNRIFIDQYFDYYDYANPENSTRDDQDNDSTLGWRDERLSTVKCDAPPSNAPKVANYHNAKPQ,256,-3.3048196,1.9076117,6.73698,0.02734375,0.28515625,0.11328125,0.463183984375,False,False,False,True,True,1.0
092,RGARTCQRYQHEMQQQYTYDMVPHFFETTPYTRSLDQNRYWCDQIEPTMKVNFMPSIMLKDMHKDNMGVEESQGANRRVCKIGITPNHDRWVDVFQKDPSPNGWRDGGGMNNNAPFPMMKDMHPIQPNSPPKYMIQGQFYVGNTSMKKGQWKNNKSFRQQYEDRQVIGWKQKMQIMHQDCQHETRDEHHDVHGEGNWFFMMQDGHYAHLTMILQEVGLHDYTPPPEQYVDQEPNQRVDDNHHRQKKPDHDSDYDVQ,256,-3.3036897,1.9209298,6.8273034,0.015625,0.296875,0.10546875,0.54489609375,False,False,False,True,True,1.0
093,VQMPNTSPENHRGWNAHKWEADWPPVQMGWRQFCEQWHAATWIDQQCTALGRGEREDLHLDYQQPFRRRVTAHWPMWKYTPNCPSHTGGIHRRFMDAFHQTTECIFVIQHTQEKHKQDPTMADEPWAVQYQDNKPKTGNNSNETRNQSDQMEFMSLVVTCYQNEHYQPINISNINPTRMLIHTQPPVVDMEGATVNNEVPRRWKRPYSCKHQDVRDKEFKFSVMDLDTDPSGTGSCYWFNYRFLSGITQSAIDNGP,256,-3.3915951,1.9222536,6.8363476,0.02734375,0.3125,0.11328125,0.448733984375,False,False,False,True,True,1.0
094,VPIMHQIPDFIRMEWGLNCHPYETVCSQRSAMLRHTDKSDDYFIGFFRGHDSRVTKPQGIEQHVTGMHAFNLSSIQGTHVGTTPPMCWISNEKIEYPDDQATRTVQNKIRPQPHENAECDSPEASGDKRNMRFTKPHWHCAALIFVNQKCNEERKYDSRSSTAHKTSQYNNPATTRRKAFCHSPLNSSHVRRYGFHNQDLQNDNCTKGEPRHPGKGPCYNFPTTSCPRNIQHDEYMDEYITNIKWKSYQPRTPRVQ,256,-3.3732762,1.9385186,6.94845,0.0390625,0.26953125,0.09375,0.477511328125,True,False,False,True,True,0.9133601567454361
095,IWDVLNAPHQWADMHVSNMYKGRPIGASNRDNLSLFLRDVKWIDGYLTNTGHINWTYGTRTHKGLRMDNHLEFRMWNPQYGDSPVGHGQCYIDPHSWVTKIKKYPEKPTAVVKMVEDPQESSDDERDKPIKQKFDDQQFQHNTVQNTSNMKIKRELFCDTKTDTRGNEVMGYIEVMLHMTFVGTQDTFKAYRKNFRITTINTLNEYTQQSEMMIDHTNSGTASNCLAQHFDINARARCNNGGGTRRKTHCNYEIHA,256,-3.3594575,1.9485669,7.018622,0.01953125,0.32421875,0.09765625,0.397419140625,False,False,False,True,True,1.0
096,GPGPNKKGVHHNQNWPEPQAYRVKGASNKPAMQYDEWNFMIFSNRVEMFTRVQTLNLQQEEGHQNEHHTRDPHKESSPNIKFDDIILYRRERSLHVPCAREPAGCKDFYQQQMQDDIMYGFQLEGWKLHMEIHNSPHCYHHVLPAVQTCNLKKPDEEPLFGINPQRDNPMGTGKFSGTCIKDPNQNVLFHQFGIATLQNTPMYAAKKHTHDMQALEQRNTSQPFRNSDVQPWKYGWRYPRAAVFWMHQNMTTGQNG,256,-3.3559887,1.9840832,7.272377,0.01953125,0.31640625,0.10546875,0.47727734374999997,False,False,False,True,True,1.0
097,EINVWMPNWEKMPYEDTYSIVWVGHYGQMHSISPMSGNESQNNLKQIAPECWQEWIHPMYQKYMHWHLTTAENRRYEPTRQEIQDCRKRGRQHLWEDEIHRFRLGTNYPESLFCRGKENFFSNHQIQGMAESKGSGDAERMSDPEVGQEMQIPSGQQCPDPKNVLPLGDEARGIDNVYKGPAPVYDVTHQCHTSGHKHIYSDGYNTIRQHESMTRYYQTHKNPRSAEFDVGGGDYSFMYIQFKGSKEGVAADPNSL,256,-3.2439969,1.9844307,7.2749043,0.01953125,0.3125,0.11328125,0.458569921875,False,False,False,True,True,1.0
098,TGGTCGDMHFFGVHHYFPDSWWSYVPADISAQYPEKCQSFVMPDWPLPACAQDYYFGGSFMRCKINHYTHHDHKNLNCHHIQHSHIRCERDSNEESDTKGPGQNTQMVKRTIGMIFTKGHSAEMAHDNTGGYPPAIEYEKPSHMCHDIGPIPEGKDGGKPNPNNTNQGMSTPWYPQVPNHPGHGPPIEQYQVGYSNDWLQLTHMPYLMAQYEKTLCIGKMPPYARWASWLDHMHRGPTVIKRKNNNTLDPFNVDNL,256,-3.4545388,1.9857287,7.2843537,0.03125,0.3125,0.11328125,0.425884765625,True,False,False,True,True,0.9875778004938814
099,NLAFQPYFNPNTCYFPQGHYIHHPMSTYHCEPERIGMNRPGFQYYDSIEAWATQHHTWDWADQNKTHHPWKKHQDEFAQVLTNGSPQMTMSQHEPFRTQSHMRAVPQQKCRAKMTVCKTLLADKSNDQDQSAVTQIAGSANRWWHQNKMHADEDEDGAIQQSQVFWPWLYKGTCNHNGVHVNFATVGHDPDGTYMLKMPQFEGIFGGTKDGMQEDHTRKYSGLSRDPFTDNYDTNKVLSDQRLTHCRFKWMAPAMK,256,-3.371789,2.018021,7.5234222,0.0234375,0.32421875,0.12109375,0.42236914062500003,False,False,True,True,True,0.9891220969745907
100,HWNNWEHFGIDWRPNCPHPWLGMMNGWRKYYHKVDFRTHQGAPGQPQPPMHKHISPPTCADQHCMKRNSGVQDCDSMHNTDHQDHEMHMRMQKGKKNQVHHHVNGMTVRNYQFFSHDDSVRDDGKQVQRGLDIQGGTLCCGYTNNKVTHNMQQHLTAERHTKGHDEQARTHIFAFFYPSKGYAGHISMPHQPRFSIPRSRLRTERKDFVEREDCMQDLMTWCRQALVTEVRGDAHVPPWKQSKGMEVHHIIAARYK,256,-3.181065,2.0254786,7.5797377,0.03125,0.29296875,0.08984375,0.494552734375,True,False,False,True,True,0.9875778004938814
101,DPVPMQVTAHHYELYALSAFRCPCEAPTDHWHGCPMAVGKHQIKYRQIYMTRQFAWDGWTIDVILLAGTYNSHLCEIDARNGIIYNAGEDCPQPFEMGTHKWSRMKGVAVPHQTWPNKEDIDCGTGHPWAHKQTENGTTLGNRPFRYRKQANKNFQWIIGSVEAMYYPCDGELAQHGTSPPVNCPPQGKPNVTRGTNHHGGGSPTVTNGLEEGGYPQSRYHIIPDAAYEDKTGGIAYDQSAQPGQRNHGCNRAREM,256,-3.3816123,2.0643468,7.880149,0.03515625,0.3203125,0.09765625,0.434162109375,True,False,False,True,True,0.9497442890891235
102,RNHPNEKVPFCESVWGWTAKLTSRDMDIYWMSPHTCRVLLQGNVAPNGSTKRKYEFSIRFNEPWHAQQTVQPPMYDTMKSPFSGTSMVMSDNQMQDMHGTKMWEMKGSKTGEDEEKAGGIQMNDPFRSDHYCSPAPFDILRTSCGDPPQIVILNCHRVCNGKGDPFMVHFPGATMIKTRQNEDHDPDCIQHLRYRYQFGQDESGMYSGSVKTRDLQDRQFMDWHGPPVNSGCNAGTSQGYFHFNNLEFIFTETNTA,256,-3.186539,2.0878458,8.067517,0.03125,0.30859375,0.109375,0.418356640625,True,False,False,True,True,0.9875778004938814
103,QYPSFSPTTWKMGFDKCSISIISVVMWLYFSSQGMTGSENHKCIKDRGYHFPMTGPDHPHYQDNEMMKATKMASPPMSDEISVEGNTMIPTKEHNDNNITFGRDMGGQLERPGNDFHNSSLKHAPKSTHNMPQAYSSPIMNNTGIMKGHDICQTRWWRFGNNKKNHHHGTARGEGQADTDYPVTFRYALGGFKKFIYAQRMDEGAKENFAKNMADMQPYDQFSACDDNFLQFQFQPAWTSKCGPTQLKGRFEPKIK,256,-3.2328382,2.102886,8.189772,0.01953125,0.31640625,0.1171875,0.46546914062500006,False,False,False,True,True,1.0
104,WEHMWYEQVSAMCGQRHSGEQPELSPKLYPGMHQCSHQMMNSANPSGGGVWWNPTGDNHAGLQASSVWPSGNPNKEHTKHSTETTGGHEREDVIWTCHFSNFYKMVQEKYSNMRDFHGEIRICKTHHHCMPNHVQKKTKEEEDAHGVGGAKPPENQFRYIYHKWITYRFMKPNFPDIIIHTQISGAHGIRFYWKSCKEMCSADRQWVLSDGESKLKTHNPLYGGRMKGHLSSKDRADMGSNVSKPPDTIPLYDVEM,256,-3.132169,2.1319504,8.431295,0.02734375,0.30078125,0.1015625,0.437121484375,False,False,False,True,True,1.0
105,MHPEDSHYKLLWEWMNWVAGHTNNASPGGHDYYQHDAIGSSLPRGKREQSHYHTQCDFKDNPQKNINLMGNCVRRWYFGTSGASIITGTDVNNAEQTRDKHFDPCDRTEVTSATRKQEPILKVMSGKTAHKKSQSGSSARREHQHTDKPHGNTTCGGEAQRIAMDLGFNRMVCYDYPYMRSIQLSSCMTSLKHEDSFHRDASLTYSMSKDPGWFGDGVEGEPQRDERNVPTAWFTSELGIAWLGRADFQPYIQENP,256,-2.9977212,2.189045,8.926683,0.0234375,0.296875,0.09765625,0.484540234375,False,False,False,True,True,1.0
106,IEDRDGNCAMRWVNISGCIRTKQMYHSVEEYMNWSYAWQALVDWTCTEIGLSNIRQGNSTGEGRVRVDCGTDIKYHSEPRTPDWEWKGARKAHWQVEKKLHGYSGQQTNCDDRQKSIVKGPRQSQFYDQQTYMAPLRRHFQQEKNWPPIVTDETPGKTTQEDEIVNVHMHFLNATMYMVCDAFSSWYSEKFPNAYHPDVDFRAESKCFPQDDEEFCRQVQKAGMDALTQRNDWRRQLGVGELSAAALPMQGFADRE,256,-2.8528,2.2414238,9.406715,0.03125,0.3359375,0.11328125,0.375881640625,True,False,False,True,True,0.9875778004938814
107,FHPMFRSRPQATDNANTQLADTCEIMSDRWNGHGHTAGAAIVWTPEQCSVGHFGHTRRIWNSHMIRMRYAVEIEDEGPQHCKASAARSNMEMFHNGWDKCNIDLKQSDGIPDNWIGDRKTVPPIRASYMFEQYNMMGTPDGACFKITDVNYKHEVHTRPDNPFMSMWYEQHYVPKKQHYPDSNCSARGDGRDGQYNETQSRYCDDHMHHSQNKGMNDPHNGTWLNDTMQGQQNHTIQKRLIVSQNGTVGGVRQPGN,256,-2.8993254,2.3087564,10.061903,0.02734375,0.296875,0.08984375,0.508261328125,False,False,False,True,True,1.0
108,YPHVEYTYHYYLFQHIIYMGQSNPKSWVPVCKHNPQEETRGQMTHTNYEEIAHKTYVDRLDLATPRHQCHAEDSYSPEEPYGTRMVDENFQFNDSIFGDASPTTTIPEEESGFNWCPYMAETAARFFAGHTRGGTRMEHAFQKPQSQESDHAKVSPHDYRGSIRSRQTRIHGLSRRRQGGTTQNYIPHAPRVEYGEDHPIRGAPSAQGPLPKWQGSEDQQEQMMVFTVAVNEFFRHQWDHVNEHNEKSQCGWDGFK,256,-2.751891,2.3424997,10.407219,0.015625,0.30078125,0.12109375,0.552402734375,False,False,True,True,True,0.9891220969745907
109,KYTQELVETQGYVISTKWSYMWMNIGFHRPQTWTSDHYNMIPPSTQALQKIAFTFYINFCNMTDGQDYQSGKAFWNLDQGNHSSMKWDHNSPHSDTIMTQWAEKINYQRDVDKANLVNMHCFRTAIKPPHYQRDDMSNEGNERLFHGDYDDMREDKCPKWRRQQIHRKWNNPLWKDVADKEKKGRTATDRDKPTNNAIVGECHTYEKRMQDYCIRTLTKERAVQGEEKYETGHARPNSPNETDQPKGAAQHGSDLM,256,-2.7304704,2.351945,10.505983,0.01953125,0.3046875,0.109375,0.45923632812500004,False,False,False,True,True,1.0
110,GRCYHNGQWARFNMYQFERVPTQPRDETHSEHMHKGSDRNLKLDPCGSHYTMQPLHLRNKNLMKHMQNRRRNDPAHPLASQVLSQSVEKTEECTQPRSNERFQCTQWNGTCNHDDPADEKMAWQHFYGKRPGMPGQETQGKPDTQNTWMKAMGKADHHDGDHAEELTRPMCQLTQHHGHPQESRQGKMIFVLGQDGHSNWTSLHPTMQHMWGHFRCRRSPGKHDKHDKYIPQRMRTVHFQARTLQTLRKMGIRPSP,256,-2.6508448,2.3540845,10.528485,0.02734375,0.24609375,0.0703125,0.680825390625,False,False,True,False,True,0.907669457724616
111,KDMMDAHQYVFHMVIDWSVYQWSMLAEWFCKNEGSQLNERHIVPQAEERDTQRRGTQSQPSYRIMTRWTNHWFQVDAYNQGNVRVSTSFFGPGQMDTMDSDSKETINNQWERDSMKQQMPHEWIITRPPTEIRKGNELRDLPSCSQDSDQFVEGELDVYNTWFQQTISWQISHTGASPLVGKIATPYLPHEHGSWYNTIDQLHSHISPATYKFPALPGVDYDWNIRANNKRQNPPVNEWYPGHDPNRHGSHIEGDC,256,-2.5970833,2.4349363,11.4150915,0.01171875,0.32421875,0.1171875,0.44177421875,False,False,False,True,True,1.0
112,VHTTVPNYQRFLDEATPGIGPKWPKQMSIMMFCYQDIGCNHAAEEWKGADPYKLPMTWAEWGQHSLAERLQDTPSIEDVDQVGLTGAKVKNIGPTQFGPQTSNYITEQFVCQMSKNMRQYAVYEPPSPENNKRHTVSYKNFKTGSQGYNATFDAQRDKDNAKQRRSHETHMSYLCMHQYKETGPPIGDEHMKLGMQHGTSSTQQKGDFTGQGLGEWCAFTEIYQFRNCWISPWWDFMHNRDSRQKKDIVSDPIITK,256,-2.6694849,2.4626074,11.735371,0.0234375,0.31640625,0.11328125,0.440543359375,False,False,False,True,True,1.0
113,VHDELDYHWHVPRYNKAPAQFHYIDDPNECAHPRHPVMHIRGWVRCDYGYPVHPQYFRHSDDHVYGEYPQHEKENEIYITHVKQANIQADCPNNILRVMFCMMVKENVSQFGNKQLVIRTEDYGGHQRTPKRAIFREEWNMEKKPSANDHPKKYRRELMTFRANECMMEGNYMGFIPVMGDSANTIYDFCLCDPNYEDNKEKQHRRVDSGNEYKRGQMFKKWMDGEPPEALFLQTPADMITTNPDQEPERIANVNN,256,-2.5075982,2.4664114,11.780096,0.02734375,0.33984375,0.11328125,0.39319101562500003,False,False,False,True,True,1.0
114,DAAFYIKQSVDHTCEKTSKNSWYKYMPYTEEWNGDPLASIGTGHGMVNMNWNGWHASTHAQGSEGSMMGVGCYEASHLEHFQHHAFTLAPTVNAIYMQSPRQDYCVRERPDKQVSWKYKRAAWTEAQSSMMQGPMENHQATSNMRGCSNQMGENFRRGVERKSCDNTFPNFFMQVQTESFCKPRNDHESGKLETRTSTWEFVVVWKHDHSMNHEPPMRETRDVLPLQCPMERQTQHRMWYNSRNSNCPDFLEVEHF,256,-2.621166,2.4703403,11.82647,0.03125,0.31640625,0.11328125,0.4162765625,True,False,False,True,True,0.9875778004938814
115,NPKHEISNSPYEPWWAVQRSLEGSRPLCDPNKWYCLEGTWRSDAMGHWFSETQSTDRMVSTPHCIDKLETPAGYYPFRHIPKMVAPYQVTVHPKNWQNKVPTMYSIMKPHCIDQYINMGEEEKPQHVHWVAVLSEEENMDTMFTSIKWEHVRARSFLGPDPPQDRGVMHMGYNSAMKHKEYNESQAKHLQHRHDVTPGDDNSQHPNYEFMARGRGMYCEHFMERPIIITAVCFMYFDRHGNPPQNQETDRNNPSGF,256,-2.5682554,2.4710634,11.835025,0.0234375,0.328125,0.11328125,0.42299414062500007,False,False,False,True,True,1.0
116,FRWQGRHMPTCCHIWFQITHTKAAMVVWLFKKCIRKTHTSECSHSWSHGMKKHYHNGTGNSMLNRPHKNILHRPQFGHMPEESVGGVPHNAPRQCNTRQVTDDPMSGVFANEAAREQWPNMADQINNHRMWVDSNSCDHTSVTVAPQTCQGDMIVYYTRQRIQMNHSREMSAVLTNTYLCERMEGYRSRTVSPCAPRLKGMFKPMWDFFKFSITPYMANERTLKPVPYIESLDQMTRYPRPAKGTRAQKQPEQISR,256,-2.4364133,2.4733164,11.86172,0.03515625,0.328125,0.09375,0.4177890625,True,False,False,True,True,0.9497442890891235
117,MSPDDCLSVYDIKKVHQVTRQNSRKFHTMMKPDKPFMRKHIHYYYKMCRHNHKRPGFIQTPTHNDHWDRPLLDTAQAGPAHKYTNAIRYGRPERFFEAYWQSRGGLCEEKLQTGYKLFPGYTDVQTTQAKNNQKMQHKMYNILMPKVPKEMPRNDKHAQRQGYQLQDCAYNCGISCRKCSSSTATKDFTWIGKGVSSFKNPTTHAPPPIHTRSDGLRPDFHQLIHEARLVTTYPHSHNQLQDGSMSRRTMIDEMAC,256,-2.2897115,2.5110073,12.317331,0.03125,0.3046875,0.09765625,0.44529765625,True,False,False,True,True,0.9875778004938814
118,NTMSTYNVLIEIQCFQQSWQQWMTYFIDTRLNQGDTNINSEEQEGSDEVRDLLCTVDTEPFPFKPPGYNGYDGDCGRGKKSPGSSRVTATNEPSNVETSMIRTNGNFRNPMENPCMTQTGPYNPPRTATVTGDHMMTRGQHMPPGQNDRLDRFATEPPAQTHEWQPPPNPSFYQPGQGPGFYAISSAIGQDREGWITKFARDPYQSQMYYFFPYSDDMMRHQMAERFQFMPGKVVITTLKVCGNDHMPHFPDTILQ,256,-2.5634098,2.523174,12.468108,0.01953125,0.30078125,0.11328125,0.567925,False,False,False,True,True,1.0
119,NLPHCSWKYDAMGQMRPETYNKMVKCMREIPLKPGTMKQVDNSVKIRMENRYGHSKDHMMPTVFVIKKTGPEKPCCDSRDIPTEKGETNQDCWDYRVLHEQPLEPQHRNQVRDNRLKPQYECEGMTDGVNNNGQTCDNEHGPRMQAQFDHIFRHANESCVKPDERQMPWDKGHTVHFHYQKVTFWERHFKATEEGERYFIQAHFTSEDSTDECSAGRSMLGAGVGVNPYYPYYFYTDPFAPNKQWSCNGNGPTYKG,256,-2.5008216,2.5325465,12.585515,0.0390625,0.28515625,0.109375,0.45855781250000005,True,False,False,True,True,0.9133601567454361
120,IKMVGLRFPVCEQAFLAFAGMDGEQHRITPYYEFNQINGRCSGVMRISLGVCSSSAGSRWGSMDDDPFPEYDNTCTRVGDTDNIFMHWEGQHNNKAKQTQTDEGTITVKLGPIVMLIQSYQVLTDTMSTSTGQVEGKHIYQGPPDIWKCERTTSPLEQRQHPMELNKIRNSLEAWGTGPPSIWHKGRYAGNKQHNYPQTDRHSDYPVKFSCKPPPGKGMNMRKQQMQEDTKPHLAFHEEVNEFPNKNPPQASWDGY,256,-2.5773308,2.5403316,12.683876,0.0234375,0.30078125,0.09375,0.5075546875000001,False,False,False,True,True,1.0
121,VVTGTRGMTQNKPTKCDKCGRWMGGGPGSWMQQKDSCIYLHGPPDMTTFPFQLPHMNSHCCPWKNPQGAFYPPTYNDKDMERTVVSPIGHPRGSKEQQMQPPAAEPHLMDFHRKDETSPHPRDSLSIVRRMIDTRGRGTEPGGTPVINLRQRPDIQGIGTELMQKITYPRFQSNSFMTNMAMQSGYKNHKMDPHQGRDVHLDPVMYCVQYAQDSDEIHKRKCVMDRQADFDCLWKNAMTKTGEIRYGFLNVQEPKW,256,-2.4629502,2.5450106,12.743362,0.03125,0.29296875,0.08203125,0.5449875,True,False,False,True,True,0.9875778004938814
122,WVMWFQQFERYSDESAFNNCMEQEAPNQQMANLMSYYTHIIDYNATNSARPRKENWDLRKRWQLDMGNSMPPQQSGMMFYTPMRCIPTVYSCELRKPERKIIEGHGSTRLTMPKTTCYRFITSMWNNCLENSASSVQNQNPPGFKKVVADGSNPIAMRAQLPIHGEEVEPMGQKEIHNTVLVMWHLPSLSKNVERVHAIFLPRQQQPATMSKMNTFTLDETSLKAKDMWPPNGNVAMTTPQPTKCYKATPRHIRDT,256,-2.5016627,2.563726,12.984105,0.0234375,0.3515625,0.08984375,0.432915625,False,True,False,True,True,0.9844964370054082
123,WEHEFEKERQGCLHPPTMEVVIRMGQFSTTKANLPMRPKPWPKSSGERWYIMQPRYANFYVKCHQFPEGSQFQRSTFMKMSHFFTRKNPSFVTQGDTQTDNKSMIYWADRAEEYDNKSSPKTMSVHATNSKMVTGQDLHEDSWNHTMQEECNARLQIQKQQPQSMSFTYSTQSIEKKLFGHHVTLNGIMECKFKTAKWHSEQKAVSKFQKNIVAKVEPGDRRSSLFTWYSRNRDSDNKKHKDKKGNHYFADGEEGW,256,-2.4552736,2.5731525,13.10708,0.015625,0.30078125,0.12109375,0.450716015625,False,False,True,True,True,0.9891220969745907
124,EYGKNTEFTYKKMDAIPRCQWGNRRRLHRQQNTGKFVLMNKPQSKQQDGIGKEEQFSADVGMTKPFPEQFHTMYLCSFYFMVNWHARYYRYIDAGRQHMKCEKNFYQGTHNHQKCQQSKQVSIFKRSFPTDMHNFHDPWFMQDMQMPHVQGSSSNQYGGTPHFAGAIILVGHMNQFRKMGFCNSTLAGINTLHAGSKRPERMGIGWHGKQKKIINAPMFPHENSDINKGAPMKASAQTDTHHQLKGNIPMQCMVPK,256,-2.2666416,2.578339,13.175238,0.0234375,0.328125,0.11328125,0.41410468750000007,False,False,False,True,True,1.0
125,HPDGAHPIEGNDFPKSYLWSQREKSEVQEMVDEDIEAGVVSMQCGNHAFDSKCTFTQYEQHLHEPNDPMDGAKLKTYEPGQHCGRCTPIQHMMEIHHEDSPKWCKNTAQIMLRRTMDHFMDTNTPGPTYRTANSARKTHRLKHFSSMNSYTEKAETGQQVMSICHTRHDGFQNMSFNMTTMNTNNRQKMMQTHTHLFMPYPMNGVKEHRMKNVSPHESRIKPPDPHFTKFGVCPGMICLSIYYQWHPKFCMSVDDH,256,-2.4466698,2.6286364,13.854864,0.03515625,0.29296875,0.0859375,0.5034015624999999,True,False,False,True,True,0.9497442890891235
126,PVKSKDHLEDQIYSRQLRMFKNNDWITMHTPPGCPGRKEPQSPEELKNEMESECSHSKWQPQHFPKVMNPGTYRNNSMHMSNEVMKKYSHVKKKQLDDRNIYQGLRRPINDEQQANVVNINYSSGPSDFILNLNFEHQKYRQDLPQGPLSPQLGHGDVAHNQSKIPNWMDSDAMRLTLHKGVGDPTYGDEGCLYNEFCQSMANGSAGYKYGMYAAHPSPNPCETCYKPINRHDSLGAQCSENDVDIQIWHQIKYGP,256,-2.4147124,2.6366522,13.966369,0.02734375,0.29296875,0.0859375,0.514370703125,False,False,False,True,True,1.0
127,MIHFMVYCPHHYYPANKEISSISSQMLKHGDQHFHTGSYFLEDISLTPFANATQYPTEPEGYQDRKQSHHRYAPPWHQKVSVTDRTPRIMTPDEAVKNNGETRVSDQEVGFIKPMSGHDRQLHAVGVQQYGMSIAGSVDFDVELTNMKGNIEMCYMFHFQRASDGEHKKREIQPTSNTHPGSWSDTGQPPGPYVSEMDTKDRHYHEPRFLMKDMADHVTMGSNDSRYRWKYNTSLSINIHRGHKLENGYSIANCGT,256,-2.189893,2.7644858,15.870877,0.01171875,0.31640625,0.1015625,0.507798828125,False,False,False,True,True,1.0
128,VHMWKSPDSMFMQYGYGNVKAPINVNTFDCHTCEAKKTFKEKCHQSNMKAMTDPRSGQGNGRFPKELGNQRKNRIIHEVHHKRQPQDNQKDGEIPDEGGARGSQLPPTQRDNPRGKDAFPKDGHSAMPFLRGKRSMPPIKQMAHINARPRSRDVPRSQMGPVHSDTHSTRGRFQAQPNTTMHGHPYGWHGDPTEAQTRQFQSWLGYRGANKEFDNRIKIDTAEWPYVQSRWVPEGHGYWYDQPQSSHHTSMSMKKL,256,-1.6906606,3.0162132,20.413841,0.01171875,0.26171875,0.0859375,0.708646875,False,False,False,False,False,1.0
