protein_id,sequence,length,dg,log_cdil,csat,cys_fraction,hydrophobic_fraction,aromatic_fraction,disorder_score,cys_violation,hydrophobic_violation,aromatic_violation,disorder_violation,any_violation,penalty_factor,has_RGG_short,has_FG_repeat,has_Aromatic,has_Prion,has_RG_dipep,total_motifs
112,YNLTVGWRQENGPGNLLSNMRQGTWINPFDYNMHNEMFPSGNYSERPHPYQFFTGDNSTNPWFQEYRGTDNQDHDTQKHQGQRDAIGQDLTDTGFNYDMGQDHHRSRQHFQTNQDIAHDYTDNQFSCRGGRTGRNSPDMYHRSYQRFHPDPRPGSGRRQSQIGDGRVPGFNWRGGGSHDCYEHHDHGWSSEHQSGTRNSGRGRDGSHRPQPEETYMMHPQYHTPGTGSFRSDNNGPYYGRGHGRNRRSSYVNHGSG,256,-9.305044,-2.9984553,0.049864035,0.0078125,0.19921875,0.12109375,0.73506328125,False,False,True,False,True,0.9891220969745907,False,False,False,False,False,0
059,IKDNWCFATKSDTGERMDDYNPCQAVSGWEFQGYQFPRHMSMGSAHHEQPNDMERGDNEMEYTNRYAYIGHRRGGDVTREDGMGPPQQQNPYSHHDNSPGNSNHYDQQNQQRGPPGDSDGDGYYQRNRRRSSQIDFNGQRNIGFRSGTYRRMARRTYKCIDRRYPQPLHGNQPERLGNFNQYNRGGRYTMGSFRDPQMQSTQVQQYPRDGQGPQHGYQNQSMRMPGYGSMDQYRHAGGQSEHGRVSMGAYDEGSRG,256,-9.185667,-2.8645158,0.05701073,0.01171875,0.23046875,0.109375,0.755328515625,False,False,False,False,False,1.0,False,False,False,False,False,0
022,PPSWMLGRPRHMPMGPKDHDYRNGYFRSTNTIRPSMDYPGYDFHEEGNGDCVQSRNQHYCGDEGSQRTSHSKHYDSQHEDGNIAEDDVQGGRQASSTEFHPDHGKHGRGGGQTERYSNQTRSDTEIPNYWPFNGATDYYSYPDGIETDQRSRRPTDYHQRPDPLYTGPGRHHDQPKNRSMRHANGEWRRDHSGMPSDSNSHPDYHDGTYYYTYHQEQSQSRRSIRRTHHQSNGGRQRHKWPHGRRQGCGQTIPMKQ,256,-8.652258,-2.3582792,0.09458284,0.01171875,0.18359375,0.1015625,0.80428359375,False,False,False,False,False,1.0,False,False,False,False,False,0
052,FWHKCHYCNQFWCTEYDCPYSQRPYPAAIGNTSKYKSNCKEMMDGHGMGHNNNPDPYGGGNWDNMTYQKGGGQNTPPYSDRHGQGYRHSSKISGGDRDNGMQDDRESEPGIQNYHGENRFMRRHFEGGQNPTDFYHFGSHQGHPRPHSFPTDRNRQQDYRYSGSTRGRSMGSNSPGEPYPHGGAMRDHRGMRAGTIEFGRQSNRRGMSGYTYGIGGHMQDLMAEMNSGDGRTNQHPHHYMGQRAGSFGRQRQTRGD,256,-8.44921,-2.1515243,0.11630674,0.01953125,0.21484375,0.11328125,0.717308203125,False,False,False,False,False,1.0,False,False,False,False,False,0
090,EQTRHVVYPWMIGMPEGNGLNPPTETAWFHDETQNGGRSRLQGDWQEHQNAPWQNMQQNSHDTDGDKQPSDHYRPNEVGPWQGTGQQGGMMRGATRVKDQPHDRTFHCSQLRISSRTPYGGSGTTWRPPSTDPMYDWGYSSGSRYRKYNRWGRRGRKSISRYERGGNDGERGAGDNHDRTTDRGSGRQMRDMIYPRQHDVRGHHHKDSARYPGQFAMGRDPRYPWNYNEYMPNGASNQFEYSDNHRSSPKVQSSVD,256,-8.190396,-1.9521679,0.14196597,0.00390625,0.2265625,0.10546875,0.736791796875,False,False,False,False,False,1.0,False,False,False,False,False,0
070,NIINMKHLLVKWQTHPITWFMMWMSMSNKYRNQPMAYQGQNEYIWVGYEGQKQNHRTHRGGHDNGGAFSEPFPYTPGMYEITNNTTYQDGGGTHSLGDSLSGSDPMDQEDTHYHHDPNMQQQTHRDPHTIYMQHGRPRRPTEPDDTNDDHMSHRTPGSQHGTGHYRGRGDRFQRPPQGKYHESEDPTSQGYCHSPGYSPTFDGLGRRHGGHWGHSDRRGQGGTQPPKKFGSNQRNPPGYNRSAYNPGKPQGHHGRG,256,-8.282005,-1.9427894,0.14330366,0.00390625,0.20703125,0.1015625,0.754334375,False,False,False,False,False,1.0,False,False,False,False,True,1
018,TERMYRQYPEFVMDSDRVAMMHIEVDDQGQSFDHMFCENHPQLYSGDQIHRNDTNDRRPGLIKDDPTRIFQTTHMGGTSRFSTKNPHHRQPYNDETRSYKSGQEGTNDYDQVDMYNYGGHGSAGGVTRPTKDPPTGGYDQSTHMRKQPPQDMDFTGGHQWGRMGLQHTMDYKGSGGQYDREGRGSHTGGAGSYSEQHRPGRPRYQYDNHWGRMRPGRRKHKIRPRKFTMGESTSRRNNIPPHVNNMQRGERGQVRR,256,-8.230642,-1.9386607,0.14389654,0.00390625,0.21875,0.08984375,0.77868203125,False,False,False,False,False,1.0,False,False,False,False,False,0
124,QVVEQKTWWWMRYFILSATAGFNSGMYDNSPMGDPYGMNSKHIHHVRTIGGQESDYNRSSSQPVYMQMSYHQSKGFGPHGGYHIRGEHQFQGQSMEEHSNRHNRNDKGNDSGHAGDSNFEFNHEPYNNQGHDHTGYETHGYYDARYRGSNNPGEEYGCMTPTRGYSRKQHSGQNHQGPQPRDLMQFNHGPWPRKGRGYTPGRGRRQGQRMWGSIPHMPQNRHPRDQSRHRYMKGSMPPQRTHGKSPHGREPSQRMD,256,-8.165046,-1.9178973,0.14691556,0.00390625,0.22265625,0.109375,0.730422265625,False,False,False,False,False,1.0,False,False,False,False,False,0
023,EDTQKWEEFEASQFHNQIEMQIENTHRTTWDHHGQGQAKDNPNRSSDGIQFKNQHTIMVDQTPSFYMIHNTSRPDYDGQNRFHGNPEMGPIYTGTHYEPPQQGMDGHKKQFPEPEGRHKIDSPYRGSRDPMRTPMMMRGMMPNDQPGFPGNFGHRDQRHHYDNILERNSQIHRLGGKGPPHYYGPYMYNQRKRDKPRDNHYPFPRYHDTERPDDRKPNQSGGRTRGGRPYTNGDQYRHGPWNPRYGTFFRNIRTNV,256,-8.036243,-1.871836,0.15384096,0.0,0.22265625,0.11328125,0.782821875,False,False,False,False,False,1.0,False,False,False,False,False,0
101,LMSHLQAPSFYQTLGQIKEKEFYDDDTHRQTQGPSQQHGAGYYWVMWTSNLYEGMILARHNGPHHNYQSDTSLQETYEFYGMHFDGDGPGGDRQPPGRQAHPDRQMKPGSTYDQTRQYDMDDYDQKPQMGSSTTRGNHHHRSQQDEQGARRHKQSSGNHRPYPRPQRMPRTKYVDRQMRRDNTRGHRRGGGNYDYHGDEQKRNRGPTNNQNRDSHNPMGQDYEEHRTGQRGNGSPNGQPQFKERNNWDRGYPGRGN,256,-8.1387415,-1.8683985,0.15437068,0.0,0.1953125,0.09765625,0.80510546875,False,False,False,False,False,1.0,False,False,False,False,False,0
122,TETEEFFWRGSHEVSEPLQMKDPPHDHHKIPQISPPEGVRVGGYTGRNRSRDGPWNQYCPGWDYNSTEHSVHDNNGVSNRPESGSMVQPNWNQNFYHSGSYDTGDGKSQSRGGQGDGGEHRMYGPGKPFPRQAHGPPDCSINNYPHPSMTSDGEPQKGGRIRWHRPFNRRYPQMNFGQTDHRDVEKSGAIQYRMWYHYGRRNKQYMHFRPFESPSGQGYQGTPPNTRHKRGKYNRSEGSFTRGIMDDGRGHQGSKV,256,-7.95616,-1.7918501,0.16665156,0.0078125,0.2109375,0.11328125,0.740239453125,False,False,False,False,False,1.0,False,False,False,False,False,0
111,KNFCLVCFCIPSELDSWSGTDYHRRDTAVEINSDNEPTHYIHQKKQHRRWHPMSMGEMQQQNSIVEFSMDESTQNDQDGVGQPSYDPWQGHNKYTERDPPDLFHPRGKKHPQPTHGNQDDTHGPPTRNNNRPRDESYNTDCYGGYRPHDDHPYNQREPQSYQHDGGTARYYEGSYWRKHMRPGYHRYQDGMRKKVPYLRSQGYHHYQDPMRGDHGHGSNRQQGYYDTSQPRPGRGGHTMRGYEHTTTHHYPPLYPT,256,-7.949258,-1.7903285,0.16690533,0.015625,0.2109375,0.1171875,0.7355140625000001,False,False,False,False,False,1.0,False,False,False,False,False,0
066,NAMDIVDDHQFKNPTFYPDGDFNRMKHMRGQWNHQMHYSPDPYNTLGYNTKYDNMNEYSSDQCWTNNDNQGHHPGSTQFTSWSRGDMNDTNGYTNNPNHNNQMPQPPDDRYNQRQRATFSRGTGRHGRMGGNRIGRIDAYSEGPDDGRRDYTNYNYRHGGEQSDQRGRRKRYHQRPPMSHPVYPDQPGPQEMMPFLQKHSHRGLGRQPDGWWDGRHCSNDTRQSHNPVKGMHPPTYVQQPYSPTKRSTRSSNTNPG,256,-7.9430275,-1.7137793,0.18018353,0.0078125,0.203125,0.10546875,0.7857007812500001,False,False,False,False,False,1.0,False,False,False,False,False,0
100,ESGNSYRSQPCTYMLGRMPNKQGEMPPQDIPQHVGIHNWKRRPYNPSHHDTHHPSQHWRPSWQDRRGAKDPRMSAGNKYYLCVGNFGPYRYANGGNMMPSGRDEGSTHRQHDQGPSPWEDSPRHRRRQGGKLRGQNRNPWKQDPGHQDYTQDCGGDKHNGGSRFGLGPPMRTQTYRIGRDGRPMPWDDWWQYDGHGSAGRGKYSGRDDPSFAKNRKPFKGDSYQEEDRYLNSQPDRMDRTPFFHQSWSFGMDDNIT,256,-7.8833327,-1.7126486,0.18038738,0.01171875,0.21484375,0.11328125,0.7117753906250001,False,False,False,False,False,1.0,False,False,False,False,False,0
064,FWGKDQLQESEFGDDGDYYGCPIDYHSHSISGDAYYERGHQTGMMDQDQHTMIRNQATIPSQRMGMGINFGSQAQGSDPNGCCQLGENQTMGLPPSMGHKMGPRGMRPGPSFMRYGQSPQHHMGTQKSTDKDDNSNTEQNYDGARLYRPGHWTRPGDKERRKTTSGYQGPGHGKEKERRMNDGTQQNLSRYPRHNRYYGGRSVRNHNVPALNHKLAPHPRKSQGGYGGMEGRRGRGMGPHYVRMGSHGKQYDFRQR,256,-7.889488,-1.6037937,0.20113203,0.01171875,0.2265625,0.0859375,0.773278515625,False,False,False,False,False,1.0,False,False,False,False,True,1
113,MSNMSMNSGQFGFANLPYQLPCGQWIRQGYDRENWSSTGQRDQVTTYRGNAKDGGHNGSWEGQSQDSHNICHMPHHDSRLYRWFQAHETQDFRNEHWPHRRYEGVTGGFRTRGPYREDNNRREDPGPNPGGHGERGNFLHNNPDPLNMRNFEHYQFADAKQQDQFGGYEYVGRGPYNGSHGHRHYGHDGLPWSRQFQKSGPTVNRGGGKQGHFTMQRKHNSEMGGNKHARKGGGGPGHRTGPGGMRQRHGGLRNNT,256,-7.7501516,-1.543306,0.21367353,0.0078125,0.21484375,0.109375,0.7120429687500001,False,False,False,False,False,1.0,False,False,False,False,False,0
127,HRQPESNHMPHHEIRFDHCCHKGDDGGSTAVNDYNNTRSPSGRDRTPRGTRTFLDYQQQHPTFVGNHEYMNDRGNYFHEQRGGGDGSPRSHPTHAPHNEGRSYNMPNMDHPGTHRQDFKSNSHFGEFTHWGRSMGKDGHEFYHNMFNKFGMQEGGPHGPSGSGQHFRPFYSGMGMNKSQPSGRFPRMFDCSYQKSNHKERRPYQHYRPMQHRHYRKRSTYPPYSHQKGNQGGEYGPDTSSDNEPRGRRQLHSDRED,256,-7.687184,-1.5392382,0.21454448,0.01171875,0.18359375,0.11328125,0.772476171875,False,False,False,False,False,1.0,False,False,False,False,False,0
069,FEHPRYHAFFVCELKGADHQHQTNDGSLRLYYMYSVTDRPRGQCCDADQHTGDESNYPHDKQRRSGIMNNTRNNTQKYHSQHLPYTRQSQQDGRQGQNHYHGQQSYHRYPIMDTMHTGQPGGSFYGPHTGWNSHDRRYTHMEMYERRPYGNGDGNQLRDHYRRRSDMPMRRQRLSVRFQDHPPGEPTLRGEYRNHRGEGAKGPRDSDHRPGRHRGGGGTKFKSMGEDNPDWFGDRRGRIHGYESHKMIHRMSQGRF,256,-7.6338124,-1.4280567,0.23977442,0.01171875,0.21875,0.10546875,0.7248515625,False,False,False,False,False,1.0,False,False,False,False,False,0
007,QVNTGTQDMFMPNVYPPVPNHKPPYVQQRTLSRRYTEAIVSMEKYNGERGGVMRNDLIQMQGQNMMRQWWVKRQMYDYSSQMSQQMHHQGQQRSRKGDWPHTNRQHDGGTQSPRGNHGGPGPRHPDHMGINPIMEHGGQRSESPGKTNDRLSHDPYPMQYARPMDPRMGRGGSDQDARYNGGDEHSPWSPEPGNMHIYHIGNFRRKYRGGRDMDNGHYPDEQYYYPETGTYVRNLGFNRHGEFHVGQGMRVSDDTP,256,-7.616469,-1.3621356,0.25611323,0.0,0.25390625,0.09375,0.73811328125,False,False,False,False,False,1.0,False,False,False,False,False,0
074,DAWRAFYAWLDDGRQHKGFWDPGDNGGLNKREVHHNIHSDNRHPMDCQQSHYDTGYTAGITNTHFGSQPQFSRQYTYDHDSRNEHNVENGEGGGTRWNHTHSHGKYRQSRHHGGGEKCYDSQDSERSSYMTYNDHRGGRRKSVRMHGYRNNPQMPNFYGNPGYHHPPRKGPYGPGSRRDQYADSGQDQSEGRRRGDNMKHEGWSREGTGRTQDTYRHNKMTMHQQIHGYYGSRRSGAGVNGEDRKSRPSKPEKFIH,256,-7.4032235,-1.2874229,0.2759811,0.0078125,0.19921875,0.109375,0.7529652343750001,False,False,False,False,False,1.0,False,False,False,False,False,0
027,KQFTQFFMMDENTKMPYNPLGHFHVAWQACEKFRLHGSYRPKRYAPQWGALRQGKHGFQTGIEDHEQDMNKTHPNRNDSGQYVDPTDPSHPYKYYGSPSPQPDGNYGRDRWQIQGEENEQRGFKGGMTMPQRFQKGDYHYMGHGDQSEPRRRSDRDGSGPSESKLGPAHGAGYRSHYCSRVMGQKQFTQRSHNQEQESGHYRMITGTGPSRDFRSSQRSDWMRMQGSTDGTNYHNNGPYGEPFGQTSNDRGSDMDG,256,-7.3911653,-1.282477,0.27734944,0.0078125,0.2265625,0.1171875,0.72344453125,False,False,False,False,False,1.0,False,False,False,False,False,0
105,PGPPFTMGNPYASTYLLTFPDDDQNHDHEMSHWPSHQHVWKQHPQPYPGDRGQNANFRKYPQTNNRGHMYKQRSSFRQYMHRTNSRHDAQNNNHPASTGTGRRGTQNSGRMESMPGNHTRDYRQHQGHYHRTHRPRRQYNDRGPNGGGGHGPHFYQMNCYGTHDPDKSYRGGTQGDNGHSYKGDTQRRPKYDGYVPPRMPHEMDMYDFYHGFHDCRNVWTHEQGGRRYGSMRNPGGSKYGLQRQAGSDHPGYNRKV,256,-7.2192907,-1.1629717,0.31255597,0.0078125,0.20703125,0.1171875,0.778776953125,False,False,False,False,False,1.0,False,False,False,False,False,0
091,QFHDRETDHSPPRFWPPHYPDMHMEYMSQGAQQNYEDVYMFSGKTVRKKYAMRMQEPGYDQNYGKWNQNHDAWAGEKGAQFVASVQNNQNGGQSMPDTHHWNDNRGNQSDEGSHYREHHPNKGQEYRRGENNMHDGQRWQGRGNQKGRYAHNDPRLYYPKGQQSRSKGSQYKSGIPGGGEENQRRPNDTQRTTQNGPSMPNDSDPNERWYNGPGRRYSTFYNARKYRSDIVDGDGQMTNHGQPWPPGGDGGMRGRS,256,-6.958195,-0.8994183,0.40680623,0.0,0.21875,0.11328125,0.7827027343749999,False,False,False,False,False,1.0,False,False,False,False,False,0
062,VEARYDNFPSFQQRRQAKYHHDSWYQMQEFSDDTTEQINRPYQKGYVHPEGDFMSMYSDSQQHPIQNDYARPCPTTNMQNGRYNGHRMSNNTPTTYTDQSDDGENTNGPTWDVGDSGDARDRPGDHDQYRNRGNGSRHNHRFQRDDRKLGLSPEIRRGRAGANQNPDGSGSYGGKRDISGEQPDRGYRGRSQSERTPVARDNRRDYTMNPRTNDTGHNGSRNDRDFPDYHINGPPMGYKRYYMNHDPGRSKSPTGE,256,-6.9795227,-0.88160455,0.4141179,0.00390625,0.19921875,0.09765625,0.830379296875,False,False,False,False,False,1.0,False,False,False,False,False,0
040,SIQSQIKYRMMHDPYMLPEQQESYAPLWDMMFGYPNPGGPGHMRSSEVAMTDSLYSRHNGPMNNQGYHSEYNRTNPNQPIFRGGLTCEQPKMESNSNDFYQNQPVAYSMNRNRGMTKIMPTAGHYQMNQPEPTPRRRVHGGTHGMFQSEDGGYMYPPTYSTSYSNQQTQSTPRRKNVSPSRPNPHHAHVGYSYPGTRERHGHDNHDTDKNNCGGQGARLGRYEPMRGAGEGENSIGSMRRGRRPGMWGGGTPYPYG,256,-7.117126,-0.86249214,0.4221088,0.0078125,0.25390625,0.09765625,0.7211046875,False,False,False,False,False,1.0,False,False,False,False,False,0
099,HSMPIDQQGECQAGKYGGYPTYYFMDIRGAKVHSDYPYRREGEYHGEDRYKGRSCHNDPMRHNPGGGNERSDGTEHMNKEHGTMYHFMQTGETPGPQGQPQHGHQHMWNQRMQNTLGGATSGYHGCHTKQAHREYNRIQRGASNLSEQMRRERTDGRGGPRRYKQNVYYGGPTGNYMFRQQPRRWRWSHNEEQTTTDPRTSGNPGHWDQRDRQSQQDPPGNYQGQGGASRPGGRTQHSDRMNSMIQGMRQRFRALS,256,-6.9504757,-0.8492836,0.42772126,0.01171875,0.20703125,0.09375,0.778966796875,False,False,False,False,False,1.0,False,False,False,False,False,0
094,MHSMRFQHRQDPCMTQNISDRPHGRPYMMQSFPWGFRGRSGDADRSEKPNSDEVRYHQMNNQPQTSYRRSQNPGYPMNEYGRHGREGRNHVGSRSGGTHRGHYGDQRYRPPNMPPTRDRYYTGYSEGIRPTHKGIQSRYHQREYTRNAFYEGDHNGMNSDQDGHDPNNQNLFFAQERPQDYTYGIQRYSSRYTRPSPFQRITYHGLRNWLHSMPTGRTGGESRHNRGMGRPMLRTPFGYQPHDAIQQGCKRNMAGP,256,-6.826183,-0.84601647,0.42912096,0.0078125,0.23046875,0.11328125,0.7527703125,False,False,False,False,False,1.0,False,False,False,False,False,0
093,WHFFIGWQISGQGDCMNYEMWTPKLYSGHYHSMKYQGQNQEHMNPGRTYRSHTHVASKGHRYRRIPSSDYGKRWEQSFYRDHQTINRGNKHQQEHSDNRGEYQPKSYFNARKSEYGRHYNDGWLYGEGGNRSEGNNTHSSNPGRNRATMDRRPSPSHGEPYLQDPSPIPPYQRDPYDQYTGNMNQNPDRGRMHRSKRGGESSQGPGKTHRHRGNESTRADGRGGEEHWFGYGRMPRYHPPGDQRPSHRGQPRHGQQ,256,-6.7820125,-0.79138887,0.4532149,0.00390625,0.19921875,0.1171875,0.73872265625,False,False,False,False,False,1.0,False,False,False,False,False,0
020,CMHFMRSIRSFPGQQGHWSWLFNYTEKCYPHTHNRGQSQLEKGQKHAIPYRKNGGWHSSQMRYFNYPPKMGKYTGTHEYCNKYSLQGGDGSGDNRGDGRSSGPWMSDQHHHHDKSQCLSDHHTGQDRDGDAELRFFHTYGQPKVHSRRRAQNKGFNPHFRRGNRRGSRRKHGGSPGPRGGWQNRPHEHYNLYPHSRNMAGDDHDDGWGGGQPRRGESHGARMAGSRTDHEPDPFSNNSDRSPNRQGSGVGGHDGHC,256,-6.823227,-0.78049666,0.4581784,0.01953125,0.19140625,0.1015625,0.7089105468750001,False,False,False,False,False,1.0,False,False,False,False,False,0
031,GEQPHNLEYNEGGCGHPRPCHDSGFNQRQRDLVGPYQEYGCMQPNTKHMQNHHSPRNYKRIIYQYGMNFQVGKNDMMHGEEQFGRDGRYDPKGGQNDRHNLSPTGIDSQVSDPPMNMYDPNNPQDRQGNGTMHIGGNSMGGYIGMGQHGASPGKGRTTVTPGHSRNDDNGSFMPRPQGRRGHRGDNEGISQNVGFDFYEDYYMFEGPGAGGYFDRPRRMYTPDGRDDQEDFYNYEDYKHRHRIGRSMDDNTDDPMR,256,-6.8490944,-0.77272916,0.46175116,0.01171875,0.2265625,0.1015625,0.7321671875,False,False,False,False,False,1.0,False,False,False,False,False,0
002,DWMHTPQMPEMQNKEGKGPCHWFYYFWDGHASSHQSPCQDRGHIMYEADGMRWQNERDVSGDVDYQNRSRPHYHQYMDNDHTTGGSFNNSKRQHDKDYTNRRTFRHGINSPSYKSHMGQYEQGQFGSQDQPDQDSPQRGNTGPDNGQRRMCRSYQQRRGGPQRDKMKSRQPSMTDRGKDHPQMGTYGGRFSYPTTNNRGTRGGIRYNHNHQPTRQKDPLTSSTPHNMMIRDMRTSKPLGYHASQDGNTMGRAAMDE,256,-6.850764,-0.76767206,0.4640922,0.01171875,0.20703125,0.09375,0.7829824218749999,False,False,False,False,False,1.0,False,False,False,False,False,0
110,PAIGDIVHEPSYQLIVETCQHLWTCMEDANIIEFIHQGEYWRWNYFTGHQYQPTRYSHGQSPNTHSRFHEPDDSPTNNFPQKDKDQKNQTSSQGYPPYHGNSRYHEMICNPGTTGHMPHKHGGIDGGSNQTERDIGRYSYPRGSQYYSQRDNFGYQEHGTKRYGEDPWGQRGGNRSGGDNGPTHRPHHKQGGMPEQDQEYWNLRYSNTYNHAEMQPRPNTQNNHRAVHHNGDDPYQKDQVRGKFGPRNNPRGGPAT,256,-6.8687663,-0.7596938,0.46780965,0.01171875,0.21484375,0.11328125,0.721212109375,False,False,False,False,False,1.0,False,False,False,False,False,0
008,RGQRTTEDHPDGQPPISADSQQAQVGQQEDPDYRQDNGQIKSVDKDEQRHTYYYKFRCESQHSGQYAPKTPFGEDGFNWMPQHPGLRGTNRYPQRMGGLRTQSSRHIRSGRKSDGPYERTDQDFPFQNWPHRNRGCGDARYEMVKGFSRYRRGEMMQQIMEIKNNGYSRDEHQMQGTHGTSKRGGRQGMGHFQENGYQFPGEKDTTPHGMKDDTYRYDRQVGEGKGHGGPVSYHPYDDYMSIGKPRRQGDHEHHDK,256,-6.7203684,-0.68498313,0.5040987,0.0078125,0.20703125,0.1015625,0.758562890625,False,False,False,False,False,1.0,False,False,False,False,False,0
030,LTFTRTARRKGPPKDSAQMDNKRGNMLWDSFSEVMPDWETEPSKNTGKPHQNHLDNYYGNSGQSSHQIQNDPMPNRRGYHQHDRKRGSDTQQWQTYDQEPTYTIFHAHQFHYIQKGKHEYPDTRPNYPQGQDRGYHRHRPQTSRPRGRRGIHHDGHNGPYRDGGHGYYPHGGSTHVYNPTSMQETDPEHWDKHHQDETRNNPNRKITRLMRQRQRYPISEEEIQHVSTPSEPPDLRRESEPGRWYEFFTSSLKKPG,256,-6.705206,-0.67770505,0.50778097,0.0,0.19921875,0.1015625,0.801847265625,False,False,False,False,False,1.0,False,False,False,False,False,0
125,VHRGWKWQLCFMHNSEETQRFMYRGTTWRAEVQSSEDTYPHIIQGTGVNDQDQSNRTDADPDHWGGPTTQHARRTENFMWQKTGMMPHKHYHMFGHYERRGVQMFQDNHPEMDMRDPLTRTRQSGKDIDHRRPDHSTHRNGHEYRIPQGERPRHGRPGSGSTQGFNDGPGNPDKTQRKVDKHQQIPTAIHYQRTPDPFHHSPDPQDNRDHSRQRPRDYQYRSQYDPFQMYHGYSHTPGYYRHPKSRSRPYMDRDQP,256,-6.675736,-0.67666924,0.5083072,0.00390625,0.21484375,0.10546875,0.7804261718750001,False,False,False,False,False,1.0,False,False,False,False,False,0
054,MGHEQHIGEVAYQDQKGHVKPHRHGLMTKSGGGNSSMFGRDPASNSDQTGNPNKGIGSRDHSSTQDEHGTQVPDNTNYAQRGPIQHDGSMRGYQGDNYYQMFGTGRPSHPPQSIGYKYYMNGSSNRKSPMPGRYAYYPVTHHHGPDPPRSHWSYYRGRPRGGPNRDERRRTLEQNTQPHINQGDQSYDHNGDPKEMNRYPYRPGYNRNHFQGDDRSSDHRNYYGDRHHNSYMEGGGQPFSRRNGRLGPPDKYGGMR,256,-6.72241,-0.6611068,0.5162796,0.0,0.203125,0.1015625,0.8375308593749999,False,False,False,False,False,1.0,False,False,False,False,False,0
121,GYRTDSNGNEATKLSWAYQKKSQNIFKNMCRPTVGGKGNMYEAHYRMSQEVYDEIRDNWQPKWGPGMSHDDQSYEKDYNQRGMMEMKQSYSYPDYLGQQDHQGMQRYPKDSWSHNDQDRPERPPSNSLQYPMEYDPDQGHNQQWHGRGGGGRDPRPGPNDMDQYETSTMQYTRPQNHRPGPGTKQRHPRSDPTSNHEMRGGQHVGMGDGGEQGLGGGQRQGGYTNKYGYQEPHSEPPYNTPPPRRPDYNKYGYFSG,256,-6.648705,-0.6283197,0.5334875,0.00390625,0.2109375,0.11328125,0.7844695312500001,False,False,False,False,False,1.0,False,False,False,False,False,0
038,EVMCILEHTSNNYRVDGGPNTMMTTIAHDSRNTNGDGHNMTHSNYIKSSNYHRNFWTHHQGYMRTTLNHPPYDMNRLHTPNHEGPHDTMHHSRNMQSPGAGCNDSRNTHTHGSHYVTHHHSRGSWMGMPQHQVYPNNTDQHYKRMNYRRRPNDRSNRSQSNTDGRDHYKPTHKTGSSGQPSGSNGPGYQYGRGPGGYAGPEDRPSAPEDGHDYQDGRTRGGRKRDSWWTTRGQKLERHSSQWDYNGGRYPDDYQTN,256,-6.7579207,-0.5899133,0.55437535,0.0078125,0.19140625,0.08984375,0.7849734374999999,False,False,False,False,False,1.0,False,False,False,False,False,0
084,KLIDPEQVQSMMSQRSEMLRHTHNLYYPYSYHRHHSCEVRGTGNGDIRTSNASSDDIQGEMEGWGIRGRNKNFMEYGDRQSTCGGRKQPTDTGHSPRQRFHPNYRMKFTEHMHNTSHPQNTTSMYPESGGNRGTYNEQSRRHGVRPSDRNNDRRPQSTHSHYNFRPTPDYEGYRHQTYSDPMPSHRTYEIHGDPTYPQPTYQRPDSQTNNNGGFGIQMNEGRSDQFGRCNGPAQDPKPYHPRGGGYGGGTPHKAFQ,256,-6.6669254,-0.5850321,0.55708796,0.01171875,0.1953125,0.09765625,0.7994125000000001,False,False,False,False,False,1.0,False,False,False,False,False,0
046,GDEYSKRRKGREHPRFRMDMFNNMDQTTQDDVLMCPQWTGEKPRPHQMGGMAWFPKFHMTHGPPRYGSKMQGLNPHQSGRAKYNRRDDDPYDDKSNYQPQAREMYNPGQNGRYTDPHHPGPNDSEWQDSGNQDGARTPGHDRPSSGQEDPPDSHNFRHHTRPKWHGPHNGGGSMEHQNPFYRKETIHSSGSQNLPRPGVGGEYHMTGPQENQESRDGRMFRHYHRFGRGERSRDFDHSPESNSGHMDFSYHTTSDG,256,-6.6221385,-0.5769112,0.5616304,0.00390625,0.1875,0.09765625,0.8492273437500001,False,False,False,False,False,1.0,False,False,False,False,False,0
117,VTAKKETITETMGGPPSECCSKPSYDYPMGGHVGCNERNHTSAWMHCRTYQQHWLHERGGYGRHTPRNVDNKENGRTNRESQGGERDNQRRPDRSRLFHHSDYNGGQGGTNGHLSGNGRYHWRGSAHHQSPHTPYLAHSDQDGTNDGYHEPQYDKHSRSGVQSENDSTFYRINDQPRDNPPREHPPFRSSHRGRTQQQTKAYQWDGFMYAQGNRRHSRFDNSNGKQDPPDNYMQRMDFRSQFRHQDGQNRMRFTFD,256,-6.5385647,-0.54461336,0.580066,0.015625,0.19140625,0.1015625,0.7738707031250001,False,False,False,False,False,1.0,False,False,False,False,False,0
009,LERVVPQALAEQYYRRNLQRKLYNVESRWMSDMGVMNSLNGKTNPEPYPPRYRTDMGYCYDFQGPRSPDVNGPRGKPHGHNGNCQPQPDYYRSGGEEQHQRSNYQHMMDAGRSYRQHFKGFPRGRTGETRDTRTRQNGHHMHHGSPMSPDRKRRMSRDMDEDKHQGRGGGGGERSTHNSLTGRENDPGGEMIGFYGHDRYSPGSSYHWNTRPNQTPPHFHSTVGSRRRWYNGIHDMNNDTYAPVPPAMNTKEGMNI,256,-6.547355,-0.5420757,0.5815399,0.0078125,0.23046875,0.09375,0.754833984375,False,False,False,False,False,1.0,False,False,False,False,False,0
026,PVWTKPCYYPAYERDGNGGQGGNDDQSLENYERIQSRRWHEVKRDYTMFTSQMYIMRDYENEMYRGQRYHHPGSSFSKNPGDINNDRGGRRDSDGPDPYGNSQQGTHGTKPFYRPGGPVTERRNPNTDHYDYQGDDQRPKQYTMMNQKGQRSRYPPERNNRYQEFYDGRHSRYKSTSGQPEGSNQKMQTGRRPPLGKMGRPQGTGNHRRQEGDNRGEQKDDRYRSVPETDFSDHRAPKSKRPSDHQADNQGGRDVY,256,-6.5621657,-0.54157794,0.5818294,0.00390625,0.1875,0.10546875,0.82474140625,False,False,False,False,False,1.0,False,False,False,False,False,0
104,GPSEWCRCWTTQLPRHDNWTKHRPLSVDSTRWSYVLAPWNHIDYYDPPQYQVGVPQRWPDDYKRQSAHIQDSDEPDPQMGMKQFMTGKRRRSPYERWRRTDNQTTVGRQEDDRHTAGYVATDGQKNFQSGNDWSHTYGSSQDQEGFHYSDEYSEKMRRSGDVQSADQGNTQNGRQGRPGVYGHKQDTPHPGPRHFQHYPGTNGEWHRPNYGQYPQPNRDRHMTRRSNVEPRPHGNSGDTWDETSNQSKQRSYDKRQ,256,-6.5096526,-0.5398259,0.5828497,0.0078125,0.20703125,0.11328125,0.7298453125,False,False,False,False,False,1.0,False,False,False,False,False,0
065,FLDRVTKIWLYNKWGNVWEDQGYYGQYDRSPPQDPPDPHHQHYRHHGFGQKEPTGHSVSAPVGGDPINMMHTQMQGGQSHHTQHPGYSPRSVHRDRSMPMHHRGGHSGPYQNRKYGPDPDRTPPQTVPFYGGYRNVNHDGTYTHRDHDKGTWNDEQRRRPRHRKGTRNRPDHEQDPFMSYYGGKTQGMGRRNSPNSYGDQSRREQGQHSPYRSHGGCHRGDQFVGSEMTGPTPTNNHTEPEINPGEQTDLMKGNGT,256,-6.638567,-0.5391816,0.58322537,0.00390625,0.1875,0.09375,0.8308019531249999,False,False,False,False,False,1.0,False,False,False,False,False,0
057,EMWMFPHNPQPDSDVGNRFPQPSSQYTRPNSKSIWQGVPTSMGGQNRYMHWQFRRVNGYMNRGKNDGGMKIVRIYMKGDEGMMQRDSGTTIQSMQQRRTGRYGGPTPSMYNEAGHASHGNFDVRYSQPGSSGGPGSEDMGDRGRWPGPNSEQAPDTGHRHGRAEPNGRIYQGIDPYGYGHNQHEYTGDRSNGWKVIVEANQTMTHSDAQGNMPEEGQYMRDPFFGPRYCQKRNYSDQEHARHPMPRHHQNQSLKQR,256,-6.641202,-0.5161565,0.59681,0.00390625,0.24609375,0.09765625,0.750875,False,False,False,False,False,1.0,False,False,False,False,False,0
019,CMFVFYQQRGREAHTSGSHMTYHVMSYYEFRAPEGPTNYVLIDHTDYYQNGKQRPLPDPIPESQDIFHNHKNHTEHDRNTRGGQSPCIGIRYKPSPSQQRPMGKPPRGRGIRFGPDHYMDTPSTYNQEPGPHPFGPNHPDERMHYRFRGSNMGIRPRKPNDSFHPLSVGDRFRNQSRNKQRQRNYGMDTIPDDGGGYRRDVRAYDGWYSWPKGRQERIPRGARKDGRSGMGNNCGPENVRSNRNHPIIAQESEYRV,256,-6.4319553,-0.5051661,0.60340536,0.01171875,0.2421875,0.10546875,0.7207273437499999,False,False,False,False,False,1.0,False,False,False,False,True,1
120,QFNYQTRGPNIPTWFEWYPPPGIHNQPIGGHDGRQHLEMHLHTVKGGSMTFQYMPPTRRYGHWHEKRNDSCDQESQSKGFPKDTGNHPGKFHHFDQARMDSPSWQRGSMNGYSHPHGPRKSDHESQGQSMSRTTRNWRQNPPQKMYKITHFYGQQQTQTCVEPPMQEHKGPRGGNYDYWRGDGREKGGGGYKNFNKGMGSFEDYPWNHPMGGHRGPSNGPRGQGYDDRQGDNTPPGYRGNMTVRRSRRRPMPTDWS,256,-6.4340963,-0.49960178,0.60677224,0.0078125,0.203125,0.1171875,0.744135546875,False,False,False,False,False,1.0,False,False,False,False,False,0
034,KISIVDRKKGKIFNYDHCMRKHQLEYQNETDIDPWQFADNMHQLPSMVGETAENRRYHMSEQGMRWMRHGHHHSHSPPDQQTTNERGQHFKDYHDGPPQDRGGFDGMQTSYRYQGHSKNQNRHEGYNPRTDRNQQHHGHSGQYQRIHGQTYGAHRYHDNQRQPRGMQSGSPPNHNEQGPRRDPRHPGVGNRTRNYRPSHGGYGHQRYDRSHGHRDSLQYTAHGKGFSQNQSDTHQNNGMPYGHMYTMGHGNSDASN,256,-6.506121,-0.4592691,0.6317452,0.00390625,0.1953125,0.08984375,0.837729296875,False,False,False,False,False,1.0,False,False,False,False,False,0
085,MNGYANSQHRWRSNCFMGITQTIWTVSSYINNHWHATSPDSQSDNNHGFRGSGESNHGKMFQFLHHMTVPGREGQFYSKVYPQTQQARFMGRFFHNDNDRKQNGKQGTMNKVPRRENNYYYEDSGQNEHTRAVNHGNTMQTQDTPRHSRSGKVHMQWNHDIDFCMGGYGGPGNSQRYHRPEDRSQRGGGRQQGDRGPERDRDNNKPEGSYSRQSLNGQRERCHRPDDEPKHHRSFKYYPFEQRQNPDEHNPRNTDY,256,-6.3373837,-0.40874356,0.6644846,0.01171875,0.20703125,0.109375,0.7187671875000001,False,False,False,False,False,1.0,False,False,False,False,False,0
006,DGPLWQGEFYAKTGRGGQPRSPPLQMFGMPGPHGQTPTDVDKPEEPIFEWDWPANHKTTGDKNPMDQENHPSRPYHSRDYHFYNGDDHMCGPTTDGGSECKTEGPTRHDHKRHWVHNSNDNMWREHYQKNQRKDGTQTQKGKRHQGPRRDTMSDSDDMRNDHHNREDQSGRGGGGGGNGMTKRDMYTRYHGGRPQRYPYGRHSGYHNPMGGYATEEEFGHDHGYERGSPRHHSQPGIYGQGHSPFNPGYYSHQKYA,256,-6.381064,-0.38483042,0.680566,0.0078125,0.18359375,0.10546875,0.8142664062499999,False,False,False,False,False,1.0,False,False,False,False,False,0
021,YKAMCFTHPTIEFKEMITEDGHIQTWRGPPREKFNGRAQCYQPKYQKDTECSAQGEIQEHADDKKHKYWGDSHPHTHDNGRMERRSPGHNPHKHHDWFPHQYEGYPGRGHNGKMNPWNNPNIRRKPGGYNHLPESWMDESGNKDEGYSRYWMGHSFRGPSQPFPQDEDKSYYEKGEHDRDGRQGGRYHKHPSKWKPQQRMPSGNPQQRLIRRQDPGYPPMNNQDYGERSIGGGSGPVYHDKRWYERRGTQQQQHMA,256,-6.288452,-0.37365073,0.6882172,0.01171875,0.2109375,0.1171875,0.7270703125,False,False,False,False,False,1.0,False,False,False,False,False,0
073,MYVKYGEQMVKGIMYVSCGRMENFAETQRMNHEWEGMNTQKEEMMHGERKSLGRSGDHQADGKGNHPQHGMGQQMGRRPREWFPPRYMHDYSMWGYDHGRGENRMGWYGHGSDIEQFGDHQYYNRQQRSHFEGGGHHKFGRFEESAGALEGNEATMRMSRGAGGTPPPNTPNTENREKIKMKDKGRGGSPRAPDQQQTEYGEPPKDLYKSDRFTPPCGGRIRDRRHGMFKTYRMQQGSHKYGSGGHREGMHGRQSI,256,-6.328894,-0.35826093,0.6988907,0.0078125,0.2421875,0.09765625,0.706543359375,False,False,False,False,False,1.0,False,False,False,False,False,0
012,RPEEQNWCMLADDDVSEDSYNNPGKPTDHMVEHMIHSNDMRYQLDTERSTQHQDAEVHDNRRFSVRNNGIRMNYGMKHHTDGGDNFTENQRPNMKHTGNHQRSYHGSRMKMPQDNSMQQKHTYHARTGRNVQGSSETMYHDTHNNMQNQMPHARKARNNRSPDHTRSEFRQGERHDRGNIAHPHQNPQNFRGPTQYTYQDKRDHHPHGGRQPRRPRRNGRGGSSDEDKHPYGGHRRYHSYDIQRFPRVQGHRDCNG,256,-6.4185643,-0.32501218,0.72251856,0.0078125,0.1875,0.06640625,0.8839929687500001,False,False,True,False,True,0.8728971868580562,False,False,False,False,False,0
076,FTTKIPQLHHFMSMWCVDVQADGHYQGLDWEIDEGIGSPDGSGQNQSQQGMAATRSPKDAYTKHEAMGGGHNLERAYDRDKTSGSNGHRSRDKPPDRTEENGHGYTHGQRRWTQNPRDGGYPNFANRYQPNVQSGGGQGFGDHRSTKRTWQEGFKPSGRPDSHMPDYGGDGGPRAMMQGPPEDYHNPGGREGRQSPDHGPDHHHISYETRQTWGHRPGPRWQTGRGGPRYKSMHGPGPKYYVGGKNIGDRTPRGRG,256,-6.365959,-0.30084372,0.7401934,0.00390625,0.19921875,0.08984375,0.8214515625,False,False,False,False,False,1.0,False,False,False,False,True,1
001,SATVGLCVESFQGTDQTTDHDNQKPVMGTTGMNDSIPMTYYEPQDTRPGGWMNQRYEGSTTNYMNKRHRHRNWNIHNHRYNDQNFYRIAGHRPHYGGIGPNHSMNMDTQPSPEVGGGEGSSEFGDRNGSRNTNHNRHFQQAEDFRGGRYGGQPHDQSRTDPGGRSFSMPQQRRRDDDQNSGTKMGSNGPQYHHQDYRYREGTNRVRYTSEQRAPTRNPGDKDKQGSPRSPFKPFMGGRQYSPQQHRGDSYKPRRQG,256,-6.2501335,-0.28516942,0.75188684,0.00390625,0.1875,0.09375,0.8363593750000001,False,False,False,False,False,1.0,False,False,False,False,False,0
043,GGKWDMCHSPSFTRYSNNTPSEFAHWSTFDTIPTCPMVVHSTPTQERFTHYGSNQPQTGHRNGQDGMGNVAQTGYRHDGDYAHHRSERSRTWARKPGRQQHDTRQRGRTMYRNNREQYSPGTGMYYYGQQDRQQGPPEHTKNTNPRGFPQWGQGHPTMRQPNRDGDNPGGPGSIEPNQDTGQHSYDNKPQTSKDHEFPDSDIKGEYQWRYQNNPDYTTGETEQWNASGYSRNRGGRVQPDGQQQTGSHHYNVGNHP,256,-6.323954,-0.2718131,0.7619967,0.0078125,0.1796875,0.10546875,0.81944921875,False,False,False,False,False,1.0,False,False,False,False,False,0
017,PPLNQPTFHKPPCQGSQFPPTNMTFDHGVPPQNKHDYWMRETDQKPDGTSICRQKNEIPQQRDRQHTAHDGTHQLFPGHHNVRQLNFSWYQTMQPHRSRYNHNHYHHRGMQTYRNKSGPRSQPGGRGDGMYQHGYFWKNDYQMSQQRSPHAQQRHESHEEKGMSGADPYHGGSGGMHQRPGWYRRGGGTNGHHNPQIDPQQESKDNFSYGQQYQRDIKGEQTYKYGAETGDFKRTHSSPINFPDGRHGGNGYTNQD,256,-6.2395625,-0.2527825,0.7766368,0.0078125,0.1953125,0.109375,0.8036636718750001,False,False,False,False,False,1.0,False,False,False,True,False,1
095,PQPSQLGRKAYNNVMHSWDMPSFDDGKQHQNHDDGYEHTAHDYGTSGSWHMIMGGQRGHRRTDDQLSQNPPYQRSRRSEPWFGWDPEQGNSDHPPTQGQSRHTRPRTAKHKRRYYQHGANGFHHNGERNAPTKHQHMPNSAWPHNNEPHEPQHKSRSNRTRQYHDHRQIRTPIFDRRGGPTGEGPRDREQHSGPSFGRQMRRNRGNMVPSRKRHQTGVRGGQHNPSNDVSIDYDGHQFGGRMHGGFDGVPDFGHAS,256,-6.2445455,-0.23908809,0.7873455,0.0,0.18359375,0.08203125,0.88035859375,False,False,False,False,False,1.0,False,False,False,False,False,0
025,KHVQGQKKNHYQIHDFSGHDPYWPKHMIEPRNAMQHFSMNDWQYPKPNPYAGESHMPSRSMKNTHHPKDNYMTHVREIVSGFREYPWQEHGRIHSPHGSMRTDRDTEESNRERGHGYYGTYKERSFTGPNYHRDGQRDPQTMRKFRPDTQYEHMPRTYSQTERFQPPYEPRTSRQDQIQSTQRGDRHDPNQDSRYQRDGRNGRQRNEDGGTGRIRRDETDSHGNTRLFQPYGNNSGGGGLHPWPGRRRRGNNDRYQ,256,-6.0912046,-0.21793583,0.80417705,0.0,0.19140625,0.10546875,0.7948968750000001,False,False,False,False,False,1.0,False,False,False,False,False,0
056,MYDYRPSTFVSQNHVQSKNQFEIQKGTPEWNYQIYNTYWQDDIQGQDNKWWGNNSSSTMFKSHHPLQGSMPKKHNHYGDSGPGSHGTYRGNQGQQPDSKPSTRTGHMKGPNKSYAKAMRRTMGEYGQGMGKKNPKYPNWGGRTSPFGGLRSPDQERPGDEGSSTQGKNDGNMDASRPHSEGQSSFQGDGMPYAGHMHDPSNHRDRHRYNDTHVKEQMIGRYGRFGNGDGQDTDFRNGGHNYKDNGYNYKDCPWYTG,256,-6.155129,-0.2065095,0.8134185,0.00390625,0.2109375,0.1171875,0.7371046875,False,False,False,False,False,1.0,False,False,False,False,False,0
068,YKHPLWSMDRHTSNHKYCKHANMIRKSNQVRGPRQGNSQRQYHSPPPHMYPQSTVDPIFGGHQKDHNDQMWGNTSKRYSMSMPEHQTGHGRMRRPTRDLQGNMPGMPPANRRNEYNGPKDNSQMNRGSGMSYGEWQSPWEPGGHTDNEYPNWQHKPYRYQNDPIEQRYHRGNTDTIQQRTQDKDQFSNIHMRSQYPNQRFKDGNHPHQQGKNRPSQRFNHISRSNKPQDPADFEHFWRGGGDTQYNDGEQQQDNHT,256,-6.1127396,-0.20549403,0.8142449,0.00390625,0.1953125,0.09765625,0.839509765625,False,False,False,False,False,1.0,False,False,False,False,False,0
042,TYNYNTKMIPHYAGIMEHMEHTCPFRYQANHYDCDSLFNRNPPPREDKWQQYNPQWSYSINTSQFPSTHKSPRHHYRWHRYSRRSHFSGMQYSGGYIPAFARSPTNPPRKTGSRPMRERQNHGPNTSPRRRIYNDHWGGDDFRRTGLGKKYHNRMQQDRTYSQGGKHPGRGKPGGETPGTMMGHNMYPMSRSTTIYKQTHGTWNNTNHGHVTPEYNPQSPENRGMHGRDPNYRGRRDQNGDPHTRHSDRYNTDHNH,256,-5.907812,-0.18726833,0.8292212,0.0078125,0.2109375,0.1171875,0.700993359375,False,False,False,False,False,1.0,False,False,False,False,False,0
063,HVVQGSQSWYFVNQGCPHQHWYRQMSDGGYTPQQKVHPVDFIMLPHDQMRRGQPIQQMYRYFQPSRDHNGPNYRRYRTRHYDQHPDQSRNSPSYHYHGQHRTPDPSNTSTGDKSDKNHRETMDWDGKNTQYDNGHQHQRGYEGGITKMLAQQPLHKPPYRPYDSTGDDIYQNHPTGGHGGSNYYDRRGNGGPKPGGHRDPMIYQSRSTSHDRGMDDQPENGNSRQGTDPDRRHVSPKHPGGEGQRHHNSPTRCGHG,256,-6.1244044,-0.14490514,0.8651044,0.0078125,0.18359375,0.09375,0.8169628906250002,False,False,False,False,False,1.0,False,False,False,False,False,0
050,WMPPDYQPAWWDNPSGMIKCKDDSSLNPPGVGSQAMVTDDYIPRFHYHEQQGPIANNSPPFYRSEPRGHYWHKHAKRQGNEKEQENNPGNNASGQRWSQRSGMHGHDHNRRTAGQTNKGSRRNRHGGFGGGRVFQGIDDRQPRYYMLTRGERDTDVMYEPSIRGESMLTRGGVTRVYDKYPHTWYTQIPTRESPRKDHHTKGENNKYRQIAADDDPGDSQYGQVMGQGNKEPSELKKRQDGGGDYPHEDQDRDQRW,256,-6.08111,-0.14445937,0.8654901,0.00390625,0.23046875,0.09765625,0.75055625,False,False,False,False,False,1.0,False,False,False,False,False,0
075,QDKPVTCTVDPYRTQMFYKREGQPSTPESNSYPTVDKNMPYCRGTRGYTNTDHLWTQRGAWEGGNNENSRHYQDHGDNEFNPDRHKRPRYHRTFYDYTDMNSMHMKTPRGNDHHRGAQYHTHENAGEQSHQNGNEGNRSPHSMNHGQRMGQNREMQYKYEGHATRESGGYGNIPENQRHKSSLDRSSRQSNDMRTSSGPFKDNSPNQNNERGNQHRPFHMGIMRHRRKRTGRGQRLDNRYWMDPGPDHLYGRQDTT,256,-5.9784255,-0.09400887,0.9102747,0.0078125,0.1875,0.08984375,0.81857109375,False,False,False,False,False,1.0,False,False,False,False,False,0
097,TRRGMMPQMEDNQKQATVNTQYFYPMNPFVSLTEQESMNAEAECAYNEVDDPDGEYDQGTRKQQHQTRQTPRSICQHPKDRFGNRQPHQTDKRAMSPPQDQMPDYNQRSAMRSTTYRGYDEMEIKVRQNRMTTHQYFDSFSKHRDGNYHPTKDQNGGDDRGMTNYGNSHHPGSYPPSPPGYRQTMRPENYHHKYNGSEGRPTHHPNRNMVRLPYSRDFGNRNGMGGNIMVPVSYGFPGRKTAPKPRFYEDGYYPGQ,256,-5.9270825,-0.02087508,0.97934127,0.0078125,0.23828125,0.10546875,0.7811953125,False,False,False,False,False,1.0,False,False,False,False,False,0
037,MLLMYKQTNPAGGIESCEKCHFMRFNAKHVRSIMSSGRDYPMCTHKPQSRDIHGVDQDEPTTQTPPNLYYTNENRYMYATHGRPNPRSSGQGRYGRGQYQDHTSPQDFNPSRIPDAPSWPPSRDMQRFMFTRYQGDHGMQQGSQNSQDQDPEAHDRRSMDNYQRHHTAMNNHVGCPSHYMDRPSGQGQSRPGPVPNHNPRMNQKQGGHRNEGRQGYPYRGDPGNDFGRGRSMKRGEEDHGWGGESGRPKRFYAGGY,256,-5.933203,-0.008496488,0.9915395,0.015625,0.21875,0.09375,0.778828125,False,False,False,False,False,1.0,False,False,False,False,False,0
107,NRCKPCLCSLFEYPDSNSPHGDPRNTIHDLPQSTSQTDQETHHNQVGHKSNNAGTSPFHGNHYNGDGMNSRSHHQDYRQYGHFRSDQEYQGTNDTGHWKGNSNHRDSMHRGGYSNQGPRTKGNTGSFRYSLPQKPNQGQPDYSRDRFHQDSYKPQNNRQLYNNDSSTSNYDTRRGMNTAPQSGTKRHFYPGDQSGKDSYGSPSYNGGGGPDNGTMNDHEHTRRHNFEYKTYNRGPDDGGQEYSSGRDRRGGVRHTR,256,-5.9376607,0.029001163,1.0294257,0.01171875,0.15234375,0.09765625,0.839337890625,False,False,False,False,False,1.0,False,False,False,False,False,0
036,GENVCNAGSGKMMYIRFQRDGEGNNRDHKSSNHYSEERLNHGDKIRNHPGSSSGNDNPETMYYGFSTAPRSQYMTNNGRPFPHRLDPTEGHHKDKANQHNRHNKNIAQPPRMDVGPKNRHSFQGQGPCRHQQDSGRHHHQNPNDYKSNDQPRYRQNDGHDGNIRGDNNGGIWPYRTGYEYGGRRDISNTFFTDTHYCPQTGRNNHNREQRNPRSNFGNRRGGRSRADSYFGMQHSPDHGADSVPPDQEPMHSYTDY,256,-5.8650784,0.046729606,1.0478387,0.01171875,0.18359375,0.08984375,0.84051171875,False,False,False,False,False,1.0,False,False,False,False,False,0
096,FKFFSPMRYMGVNDFVLPRFVMSSSDVPFPMMRGRMNHLKCSYAEAQQYPSPEADGDRNTHGHNFRPQTNPTQWTRTQALNHSQDMQGQQHPSGDKTTGRHGPGSQERPHTRDQYGRYMFWRRSKGNDGGDPPMRQYNTNYHTNDETPSTTHYRQHQHYDPNSGTETKHYPTEPSSSPQSLGNDTRRGDWDPNDHIGDNSMYSGRDRPSQSQRDKRGGGTTPSAQCASMGQPDFSQSHPSNYRRFIFHAMGYPNMG,256,-5.912042,0.0601343,1.0619792,0.0078125,0.22265625,0.10546875,0.7707445312500001,False,False,False,False,False,1.0,False,False,False,False,False,0
103,HVWMRPFCINQMTGCFYQLNGIWAHDTYYNLKYGEETTFPIHNENENKQQNQQHHYSDDNRYKRTMRSQQRTQPTPQQAVQRHAKFGRFNYHPRSKGGMDDSQNYPQIDPFHNNSGHHYQPCPGPNNLPHSDHPGDQTGNSYRGDPKGNKHCDYRRRMYRLHTQRKPNNHQGMPHDGRAGRSHHYRPRGNGQWSPRRDNGSNHENCFDTQNTSHRNHSNGGSGGGPQKDYYPSQYPNKRRLYHLYHKQGGGGKNWS,256,-5.668942,0.07139711,1.0740076,0.01953125,0.19921875,0.11328125,0.7554671875000001,False,False,False,False,False,1.0,False,False,False,False,False,0
067,MVYHHMSRLMFSGCHSIGRKGNLMRHMLVDQKGHMIEDPSCDPSEFYTQWNHNETKDHFDYNEHPNRFRPFNVMRGMQRSSGSNHHQMRPQGGSRWDHRVMPGQQDQGPPYPKSDYQQHPSSGWEDGGQSQGENSHRWNREQPFTNQGRVTFPNSGNGQRNMTRPKSFTVQTDMQPKPDVMHRPPHHRSSHQMKPHETHNQRTVEDRFRPDDDYGGTMNSGYRGGHYCYPNTDAQMDGGDSTNYGSDTIMRDNPSP,256,-5.771632,0.19152583,1.2110962,0.01171875,0.21484375,0.08984375,0.7683605468750001,False,False,False,False,False,1.0,False,False,False,False,False,0
102,DYDFMDFQSQHHPILYQGSDPRSGSYKDGNMHSRYHMEPPSSYNQGQYQYSRHGMQGGSHQDSDYMHHERNQFKPYNQSYNVPGRNRNAQHHSGPPQTDDGSRINRHEDETSTRSRLMQTRHNRGGQSGPTGKLDRNYKRTKGWSYDQNRGRYNQHADTYSDQWQGPRCPYPAPRDIGKNQDRTRRGDVRCQAYVAMMNIAQRFMMRGTSNPKTHSNNRENPKYQRQSPHQRYRQTSYHGRHHGDSRDPRTACPNN,256,-5.469034,0.21531211,1.2402489,0.01171875,0.203125,0.09765625,0.821799609375,False,False,False,False,False,1.0,False,False,False,False,False,0
028,YRYTLYYEDHIASPKNSNDHPSEFKWNQPGVFGQYEYPGPGNQVGGPSPRNRHCFHTTPWDWEAEQQHKGYNWRQQPPSGPAHPPYDQKHTEAEQYKHGYQMTWRDPQTMRQISSYRAHHPTEGHNNNIQYDHCDNRGNMEPMGIHGQGRSEHWTRDQKSGPSPPGQGSMCHSDFRGGEYGTMPRANGDQMQGQKRQPHPATHSSFGNFRTQSHPAHSHSYGGRPVLGENNFRRNNSDPVRSQTWVSQWKCNPHDT,256,-5.716771,0.24614827,1.2790892,0.015625,0.21484375,0.11328125,0.7433722656249999,False,False,False,False,False,1.0,False,False,False,False,False,0
115,CHMMFAKEESLMTNCNCKHSKQFDGPPLMVQYDKSHMTTKQHAGYRKYSQTPNTQYYQREHATGSSENPYYPSQIGPHHTWYGSHGEHMPYPHSQHRSPGYGKPNYSNGGMPTGDRPQYMQRQQQHSSHGQQSEQRHQDFRGGDQGNGHSGRSQHTDYGRGPGRRMSNTQGPTSKRRTTPPNRYTDYKYFNPNGYPNYDHAHRWRQQLQWPWEQNPSPRTPTNPPNEGRPPTGRNYPSGQHHGTSRYPYGLSSQQH,256,-5.533052,0.26596355,1.3046875,0.01171875,0.1875,0.11328125,0.789882421875,False,False,False,False,False,1.0,False,False,False,False,False,0
048,TNYIDDNMKDMNGRQKHGHSPQDYSEISKPRPENDERGMTRWGYPHKHVNGMSRQEHDRRSKSEPPSGGGQANHQNQQEGWKNPPNPEQRRHHDYFRPHMDFNGHTNEPDDGASQRHDNNREQCNQHHPPEMYDYDPQRNGQKQGYHHHGGGTTRRSRQYYQGGRSGNQPRGRRRMKMMNHQHNVYYRSNGRSMPPRGRDGGATRDSGRHHGKGLSFNMADTQWQGLYHNNFRRKGFHHIYHGHDVARGHSTGEQR,256,-5.435867,0.31841674,1.3749491,0.00390625,0.17578125,0.08203125,0.8796507812500001,False,False,False,False,False,1.0,False,False,False,False,False,0
106,DKYEPTGNHKECTMFDGRTLAKRYHHQYPYQWEQPHWGKIPTPTYHGRHSQNQNQDVQSNDHPNRGGMTFMNMPHNGDRRGDMHQEPTQKNTMHDPGNSGVYAGGEQYGQQNRMGDRSMEKQVNIGYYHQGPHQPAGRYSHDYRQQFGGRHGESRRHKTGYQGTAQKIMRGRQHHGEGHGRKGDDGQHREGGGKGMQHTSNRYTWPPGTMGSKYEGREPPRTTGRGHNNRDRHRPQDPNQFETPRQMMEFSGEFFT,256,-5.4396453,0.32811284,1.3883456,0.00390625,0.1875,0.09375,0.8476355468750001,False,False,False,False,False,1.0,False,False,False,False,False,0
005,EFGERSITDYNDVDRTTKLPYRTQFPYDYTSHTTYTQYNRSRQPQSATRVDQDQGMSHPQPRDGRGGRRSTGERDEYSTRDTLHRPTHRNSQNDQSHQAFGRMGPYSGQMQQMRKRQWPSHSPDHYGTRGSYTHRGGDDPGSGENMLHHHLRKNIRRQQPSMGRPPGYQGHVSSQGRHHGGRSPASHGTSEQRTDGTHYHGDWRRGHNDKCLDGYGYRSHYGRDRVRNYYMFSHSKDRLRRRYEQDVGHSGQRTVK,256,-5.3189554,0.33575958,1.3990027,0.00390625,0.1875,0.09375,0.8138953124999999,False,False,False,False,False,1.0,False,False,False,False,False,0
087,RWGEKSHRRIDCTTSYTEDTDHTYPNGRHDHMSIRNAHNTEMSRLQTHHQHFQKTRDPTEGRGGGETTMYTHNMQPQGSTEGPNMRMGHGSGNTSGQQYNYTGDGGRQSQYHRKGYDNRDDRYGFQHQWHGGNMMSSNDESGPYGKDRTHDHPGDKGNSSSDLPMYGQPNHGGESGKPHNDRRMFDHPSPGKGKRQRGFGSHDAGRDRKQYFATPRHYYGRTPRERGHYNQLDKMRQGFSFNHQKIGQKTPGHNRG,256,-5.4233093,0.34761485,1.4156868,0.00390625,0.16796875,0.08984375,0.85200546875,False,False,False,False,False,1.0,False,False,False,False,False,0
053,SQYRHGMTNCMMNMEKKSHLGTQSHYWNKNDMNGGHHPPHRSSHQTMKQAKPMGGGGGASRGDQWMAYPRPDYGGQGNESGDYGPDGWERLDHRTYHHNKQNDTKDYQNKKYTDGIGGRWQNGVRFRIMDGNRNYQGYSSHPQYFDGYGNYEGGFNQRDPHHHNSPVKQRRQHEPARGSSPRMDYSQGQGYRRYPYPCRRTCGPGQSYVHLPPGYGMQTRGTNNGRQTVDYPGNNVKRPMRGPFPPADQRSGSTNY,256,-5.2555637,0.3807658,1.4634048,0.01171875,0.21875,0.11328125,0.7250953125,False,False,False,False,False,1.0,False,False,False,False,False,0
071,QGKRFRHNGDSLCAVIYNVTQGHVPYFPRVFAHGMGGPSGTQHRMIHQPSDCTGRDKTWNTGQPPSSDSGPHWRGPQCQGQPPCGMEGMIPTNETNTVPNVDNDRRDPKIPTRNNVDTSYNWSGDFNFGIHFRHHLSSHFQHGWRTRQDMWDPKQGPDMYPRGTNSFPNQYYHHPPANDHSRQPSRYPYYYGGPNQHANRGHGHPGKNGDNYWSGPTHRLKKQEQRPTRRGGMHGHMEENSDQQPPNGGGQGHSVP,256,-5.4910975,0.44231147,1.5563004,0.015625,0.20703125,0.09765625,0.75085625,False,False,False,False,False,1.0,False,False,False,False,False,0
035,LHAQCPSNVADPYAGDYYRDQLQQNSPVDDNCPVSRRHKHDEFNGNKRHGNTPWCWQRAWDSFQPCKQTNEQNGYERTGFMYPPRGNRKSQNNMAGYGFNHNKKRMHRGTDDRNYMARRGPQYQPMSEHNQYGKLMGDGQHHMQTNSSNRQMSSRQSRYVDPQPGNYPRGGRNVNPGQNHDTNDHGFQFRGRNGYKGRNRHHQPRRVTSGPGDYQQFARVMPFGLESHDIRNPGGKVPVNPQNDEGTHYRSNPQHQ,256,-5.104225,0.53997844,1.7159699,0.015625,0.21484375,0.09765625,0.7791980468749999,False,False,False,False,False,1.0,False,False,False,False,False,0
109,FNTQHQPHTFGKHLQWMAPHFPYDEGMRNPDARSEVTSMTTEKHIKFGHQEFNTPQQGDNTGPFSMGQHMSYGVRGTDNNRSTKNRPDHHPSKKGGQNKIYTKRMYYMRQPSRDDDHEYQHMPRQERERGNDYKSFYNGHPSSGPSDRPNTPNRLSGSHMYNRRHSYQQGGGSYQHSGNHQRITHRHGGTGGYPRSSHGNGGHRMHMRPRNYHDDQQRSNQRKGLQHGQDNERKGRYYGSPDDRQGAPNSEPYQMS,256,-5.0436583,0.5829311,1.7912812,0.0,0.18359375,0.09375,0.869759375,False,False,False,False,False,1.0,False,False,False,False,False,0
114,TSTSIHWFQSSSVPDNFDNAPCNSRLFRDYQHANRSDQFEGMDGFPAHFRHGPVTNMPGWPDQGRESMPRGHSMNPPNRSDSNPFVFDWTYGAGHPGLSSTQERNPNGDYWTKGDRSQMPNMNRRPGYHPERNSRKQHKCLDGTAGGRHGDFQKGKKDRSRFVREGHYSQIGPHQRVTPKGGGMRGIRQPTYYGHGHVHPVEGSLPTKGLYMMGATRGQNYRGFQHTSTQDTVMPTGGGKSDNRGMQHQDIGPNQP,256,-5.178976,0.5841241,1.7934194,0.0078125,0.2265625,0.09375,0.7517910156250001,False,False,False,False,False,1.0,False,False,False,False,False,0
061,CVMGDQHEAWKWGFKDNPERTDQSSPITKHRPPRKHNRDFVTLCDDTQIDQMTQMSGTHSQEGPQEPDRESGCNQMNKKDDFDGRNPMTRNHTGQSKHHHEWPSNMQDDPERRTGYHGQDFENGQGGQPTTPIQTYQFMHIPYGRNHYSEPTQSRPQQFGMWHRSGSPNQNMQSHYRGRQQDPSRQRYRGYIFPHAPYYEYKEPSDSPNYNKNHNQKPRGEGRMHGFTHMGHQFTGQRGGHDNVGTHHGMHTKHPV,256,-5.198937,0.5994763,1.8211647,0.01171875,0.1875,0.09375,0.827573828125,False,False,False,False,False,1.0,False,False,False,False,False,0
003,WKLASWQHIFVLGIRGQGLVEWQGGGGATHHQRNFWQDGHSWGSMEQASSEDTYNTRHQLQNGNRPDEMNHNSRLRHGNSKDQQDKQHSSYGPTQSDYMSGPQHHRFREDPMRPPMHNLSQPGQRNRYMFNGQRRLQGHGPGNPKMRQLDNGNHGRGGDGGHHPFGHHSRMSHEKSQPPHFGDLVRTSRTMSDQRGKPPSQYPGASHGRSRKCHYDYGRPNQEMKDYYYAGTRSGPSGRHIGRDHGMQSKEPRGNY,256,-5.060923,0.6025029,1.8266851,0.00390625,0.20703125,0.0859375,0.8177980468750001,False,False,False,False,False,1.0,False,False,False,False,False,0
060,PPDHWELDNKRQWLHQHVWHQYVQEFSYHQERPHQGSHNYVQYYLRHSDYQFEKDPSHQQSLSPSMQNGGDQSRDSWIAHVQHWAGMQSGGTETYIRLGRNMYDREVHEQRGYHGSEDMNGNRGGTPSDRSTMRLISQGSIPTHRPGQMDGMNDKDHEHGRHMMQYGKMYPGSGGYYPTPGMEPKPTINRPSYESRKGNGNPNDESRDGGFNDQWHKQDFNQSSRSQGQSGNDTTQGFGPEMTDGYGKQQSVKEWH,256,-5.072081,0.6551441,1.9254199,0.0,0.2265625,0.10546875,0.7160523437499999,False,False,False,False,False,1.0,False,False,False,False,False,0
039,WKRLYIMNGRNIDIDDHVHDEQKNGYQMYHECARMMYDQHNSYANKVVSYPPVPGPGWGGQGTQEFHPCMYSHNHHKGQMNPTEDTTNGHSKHDRPVTEPEYDTGNTDSSNFSMDHGDRHSYNRTTNSPRYVPDTSRYQQGRTKTKHFRRDRMQQGGWTMDVPPYGGVSGRSNTYMKNRASRGKRDMGQNTQGDGGRGEQVQPTPGTRDSNNGQPYHPGNRTGHCHSSTQRNRHEDNITNDHPYHHGTRPGGYSMD,256,-5.182714,0.6741272,1.9623196,0.01171875,0.19921875,0.0859375,0.7825308593750001,False,False,False,False,False,1.0,False,False,False,False,False,0
086,DQINTVSCKGAHMGLTPYYGNSRVPQQYPNTWKGQHRKFRFQFYKMLFRQHPPMRPGDSNDAMVQGKRFKQSNHDTCNVMSQRQREYDAQNSQQMRCDFSPLQYDGKYDHRPHDHNANDQRKMRDDGYHYGRQGNEQNPTSKDPMRRQPHQGTNHRGPPHDPRRYYQMTQHRSQGGKSSARKWSTRPRRGQKGGVRNDEGGHPWHESSYQQGEPGAGRDMGRRERDYDGYIRRGREQDIIGMTSNSQENYWVSAGD,256,-4.8409114,0.6869946,1.9877326,0.01171875,0.21875,0.09765625,0.76208203125,False,False,False,False,False,1.0,False,False,False,False,False,0
045,TDPLHIPHNEWNFVDWTMHAGRERDITIDSLTAAGKYEEQGQQGNHNQSSDYKNPQPMSHCGARHRQTQHSYNKNDKDPTPGLTGETPRPIGQNSRSTGGSQDRPMYMNAPGNPHTNEQRPESYHQKNNVYGGPNGPGFYDEPGPQQPTMGTMQEGNTQYRTHDTGGHFGRHSEYGSKFDNMGQYGRGGYHRKPGRQGGFNSVRRRPMGSGNNGFSPDHQKGGQRHQDDRDPRPQGMGGKRGMLQSFHGDDGDNRW,256,-5.1756005,0.6952975,2.0043051,0.00390625,0.18359375,0.08203125,0.8707921875000001,False,False,False,False,False,1.0,False,False,False,False,False,0
123,CGAYRYEPCHHHDNHHNNAGQSTKGYQGTTTMNQGHWQWSFSVGSTRRRQMNQGSKPFTKGCRQMQKGMFTHLNRDHNHREGRGKNGWPRREEMSNTSSPHQHYTKNDSGHQMHGMQNYYNDQPGPGRGNYTRTTGYRQQMWYQMTAGRGKGRYSGHNYPRFQTGPDFWGDSQGRQGMNDIPSNGMSDIHRPVPSRQYQPPQQYQQHPGGRHPPRDAPMGGDNSQPNNHGPDYTPGSKQHRTFPFNPRGKHWNGWG,256,-4.754107,0.7704629,2.1607661,0.01171875,0.19140625,0.109375,0.7825484375,False,False,False,False,False,1.0,False,False,False,False,False,0
033,RSRHPHDQQPGIVNNCAQSLQRNPFDGYNMKNHDYGSPIDMTGNLFRGPTSVGDHTYWGSMQQPGERDDKGPPSHAQHNDRRYERMDNQQDHNGWWPGYKNIHQNRPDEVKYDGFTSGRNPKTMTGCSRSGTFTVARWNIADYSMQAWTRYDNNAHPGPGRGDPGELHEPTNGASGKEQERDHRQGQGQFTRDNMPYTDGPVNSDRGNSREMPHYHSRSHTMTQDNTYRRQKFSPIRMRHQRGGGRSLKDRNNTRR,256,-4.830269,0.80802685,2.2434769,0.0078125,0.20703125,0.0859375,0.78238359375,False,False,False,False,False,1.0,False,False,False,False,False,0
055,NMASHCDPMQSYKRIMVYEDMTLMKRTSGMLSEHHWTDSRAYDHPMSASACFWGQNVHNDYDSPQRSRRKVDNQDPRYGNPNRTNHGRGGTNSFSPGQKYPHPPYRQHQATGQQTHDYVINRRHGSLVRPDEDRYTRRNGGYRFDSTPHPYGMHRAWSFYQRYRAYKPHSEDPMFKHPDPQYNNGNGGQRHNRRRDINPPQSRRHDGDRENYKIPNDPRPNGRELHSQFRPWYPKQKTPRLSANGGSLPKHYRSGQ,256,-4.6060686,0.81007576,2.2480783,0.0078125,0.234375,0.109375,0.73412578125,False,False,False,False,False,1.0,False,False,False,False,False,0
098,IGRHSMNLMHFDTNHISNAQQQRMINQQSCDMIEQHEHSEDWNDRPKIGQFMHPPKEPRHNGWEPKSRSDHPPATPQKPYNYSITMIQHPQRNQQHFYNPQDGDGQDYHHHMTNPMWAGECVHQRHRQYSRRHPGGSGNYGHRKHSRIPPTQPEYKYHATGGRPGSRTTRRYPSPSPPNGIPGNPYLGENMRGSPRFRGRNGRKHGKQPHWFDNHEKMNHYHSYIPMTDKQPDNEGTRRQKGGKTGIKHQNPTMDW,256,-4.749524,0.8200264,2.2705598,0.0078125,0.203125,0.0859375,0.83555390625,False,False,False,False,False,1.0,False,False,False,False,False,0
015,YADVMSWMWPYSDDMYEHHPYRDSHHPFPSNSGYTTKPGDGRMDNHYMSHNEIQGPTHTRTHPHNKIWPDGNGQMPPPRQPHGGPNHPPPRYGGGHSMPHSEPKEGDRPQKSTPEGGPGRDRRRRANTTHQYYSEGSSTGNMMRRRGRGHLNGNGPGRPTYSRCGDRKGDKTSQSGDHHPHNDAQYDQSERYDNHGGYTWQDMKTNHYRGGSTNQGKQKGQANSREPDTRARRGPGQSHFVYRNIVRLNRSKGMMQ,256,-4.810984,0.8220187,2.2750878,0.00390625,0.1796875,0.08203125,0.8489453124999999,False,False,False,False,False,1.0,False,False,False,False,True,1
118,IVLGVDNKGSPLDLEGGPHGDFSGENVKPDGEFQKFKHMDDGQGVVGGEHGTNGYSGHQSFTRQGNEFQNSYVQFLGGGKWHTMPGQGRTDFGSNYQNQNGGGESPIRMRQFCDTTRGQGGYGITERQFNPHVRHKKTGNQRRPPRDSFQKGERYKDDTRPQPPGNGPHNRFDRNDNEYTHRGPRPGRQNQGGRGQYGSHGPKDGSVCQDPNNTEGKSDHYGNTPYHRRNKSPNRSTRDQLPQHDYDKQPQKFKQE,256,-4.8574615,0.8458951,2.3300626,0.0078125,0.1640625,0.08984375,0.828226953125,False,False,False,False,False,1.0,False,False,False,False,False,0
072,TDEPTQWDQTGMTQKFNNEKYRIVYDEEPNTPHQTQDGWYFTNHDNATNGVGAPERDTRYHTPGYPCVTSSEPQGPDPTCGPQPSMVRGRQDNMRQRHHDDKGTSQHESGTSMGHKDVSIHGSRRWDQPQVYNPRHTYEKGMRKDQSGAPNEHPGMEHQHHDHSRRGRYYTYHHPEPDTDFYEPRPDGPRDRPCVEHQRKPGRSRDTQEMSYSGDSYDDPPTVRSMTQGYRRWRKHPQHKNSPAPHRGRRKGQCNP,256,-4.8947034,0.85259634,2.3457294,0.015625,0.16796875,0.08203125,0.861178125,False,False,False,False,False,1.0,False,False,False,False,False,0
029,HEHNGFPQKDIYWTEHNAWSAIDSQNWMDIKNENHFTQRMDHEKNNVDTQYAQTAGHRNIEGNSSPKRYSSSRGDHPRRNGSVGFDGHATMLDYHQNRDGNFGGRSTNKRHDMTGEPISTGQPEGFNGRWGPQPQQYKRSGRHMRPGAGRQDSHHQNDTKDEDRSRYVDPRQNYQFRTMSPFKIYYSPTTGHRPTKQEEMNHPPNDMNKNPDQDRNYEDDYPARNRGGPWGRKDNSDKQPSNGNRYGDHGLYEQQD,256,-4.727719,0.89771605,2.453992,0.0,0.19921875,0.09765625,0.82065078125,False,False,False,False,False,1.0,False,False,False,False,False,0
079,RPKEWDEFPAVWPKFLDHDDDQVCLGHPIPKNNTKDGFRQHYAQSHSRQSGMDNHTNPRKHHRTMQTDDKREPPHGTFFQNNHSDRGTNQKNQPVEDAESNYDRYSFMSSIPQPADHQHHSHNQESRPYRSGHPGHGDDPFSPGGIRLRHQDRDDIQGPYHNYHRPRRSSEMRKDHQSVNDDYTNGLNPKYREDRGYHCGGDHPHRGKQKHRVGCRGGPRRPGKAETWRFERNHHKSNYQRPGVGSGSFRKARQIR,256,-4.5861077,0.982454,2.6710029,0.01171875,0.18359375,0.0859375,0.8328355468749999,False,False,False,False,False,1.0,False,False,False,False,False,0
078,VKLWATKEILKIQHGGSYQDRHAAPPDYRFNIATPYIRDVSDKAGKVDDIKCPPDWNPGQYQSMRPDQYGLSQGMHSGHGDKNRQFDGDRWPYGPPDMRGNTTPDYFSKSHGMGTNKNHHPRQPHSPKHEKGNHKSHHSRSGIYDRHGRAMEMKKPMHFNERPGENRYFGDNYRPEYMPGEGDPYRDHTGGMNGGKQHTRHGDYGFQRHQGGHGYSDDREPKHTGRHHGRGGRRSRNHYSTTWIVRFQTSHFASSH,256,-4.3634443,1.0608848,2.888926,0.00390625,0.22265625,0.10546875,0.73312421875,False,False,False,False,False,1.0,False,False,False,False,False,0
092,HKWETHNNHTWASHFHKPSIHHDKSLPSGDQTKDMGMQRYILGLRQVQQNPFDHRSGHDHKMMHPSMPRKQYLGRRGHDPYREGCHMHCGRGGFSPTWPDPDNQRMRDGDWIGYQGNEDVTHGDQKKYGRAFPHGGKTLPWRSKLPRFAPLSKMFKHTPGGYPRRMVVYMRQRPLQKDSIPPSSTKCDMNDRRGKSGGREHQQHGAQARPRRFHTYGQHEHIGIDNHEDRYQQRGDQPPRHYPQHRMGIDNMDGAT,256,-4.180438,1.1654242,3.2072833,0.01171875,0.234375,0.0859375,0.7124242187500001,False,False,False,False,False,1.0,False,False,False,False,False,0
013,SHAWGVRYEHMQQWCHAQMARFEPNHYSMHDSKSCNPPNCETHDNYHGYTMDDSGTSQNIASMSHMGNSHHTGSSNPPQGSDDGGKDLNSGGRPRGMPQRQHHYAGSRINLNNRQSWDHIGDHTNGERFMPRLGMGQNNTRPGKPGQSDAPWDDLEGHRQGETRSMKSNNQRGTSSNEDRNRQDQTRGGRTGQHNGGDRRGRFRVGSTPPWQKSDDTPKCMHHGFHRGPRITHKYRNGPPRRGQTSHKQDSQNYQP,256,-4.50462,1.1655285,3.2076178,0.015625,0.16796875,0.0625,0.839223046875,False,False,True,False,True,0.8394570207692074,False,False,False,False,False,0
004,NMIHSHGRQVSPEFQSPQIEYRMHRRQIHTQQYPPYVKHRFGRSSTYGCMIGRIESSYKAKMRRDMREQYTSTFGDMHRHPSWRGHSKHYRSRTQENEGKPQDQLHDETRFSFNNQHGKPYPTHGPGYRYPYNNRPQHAQGNNQHPHYKDAPRGQHRPYQMRTDPGGDHHPNRGDCQTNDPRFEGERDMFGSNWWQNSRGTHNPYKMGEQGQESPKGQEMRGGRGSPHYGSPKVRSYRTMSRSGRDHWHGRRYWPG,256,-4.0230007,1.2082915,3.3477602,0.0078125,0.203125,0.11328125,0.7680828124999999,False,False,False,False,False,1.0,False,False,False,False,False,0
011,YYEHLSGRVEHDNWYVQHATPHQMQDAPKRYETGSRGSLNQMCNATQRPDPTAWTKHRQEGMQIITQPGRDRCQIMHGGFRRPSPADEPSVMPHRKTCTMHNQQGPNSKPHNGGDYSPHKSDDSWRQDYKQAQRGTKRNGDQPHQHESPPHQGQHQGMSRNRDHPRHGGDTEPLTDWQPNGDTARGGRAGGRRGGYRQQEGGQRRYHNGGIARFSYCIIEDRSQNGQFHTTPNQMGNYMGQSIRDRHWCAEACDQN,256,-4.380862,1.2108196,3.3562343,0.0234375,0.19921875,0.0703125,0.807659375,False,False,True,False,True,0.907669457724616,False,False,False,False,False,0
108,DPQCWRFDWYALMLFLPKHSGVPLTKTKRGTNHHHFEHSYSQFRATRNQDVKAHDRSKYSPPQNHMNFPNRGDNAQYTARFGDQFLYMGTPYLQQFNQHSARNEGGRHTPGGYNPPCWQQASDGKIPQGDPTPSNRNSRRNQKPRGKKNPPGYLTMGAHSGQKSTNQDETSKKETFMHNQQPNWNCREERVSPWGIDGITGHREPEQGYDIRYGRDGFHSKNGQTEGTTKDRRKRTQFENNQESIGREGYCDTGRN,256,-4.1811066,1.2328931,3.4311419,0.015625,0.21484375,0.10546875,0.707787890625,False,False,False,False,False,1.0,False,False,False,False,False,0
083,VSGGLHMWWESNDHPAGRANPNGLWSRQAYITSTMLRPTQYQNPKWNKDKINDTRRGKYQNHKMRMFSSHGTTSQGRPDENGNEPGPTGNGNEWSSGNSYMHQDPMEYDTPWKNHEGGGPAQGESLMSFSNTFNRSWRNHDFRYNIARQIQRGGPGNPRNRGHGDNTNRIKGMDRAPYNPRRTKGGGPQDNSVRDHYIEPRRPSRQARHQTEMPDSYVHPDMPFQRDKSRSCDRSSNNQHQGRDNGWREMWKKPGR,256,-4.112884,1.2459477,3.4762278,0.00390625,0.2109375,0.08984375,0.781317578125,False,False,False,False,False,1.0,False,False,False,False,False,0
080,FVGMQHKFDERHDAWIYPNWPHSGDQFTYECFNQTPHPPNSHAEMEHHPGGSPEQMDKRPNTNSTFDDDDCANENGRQYITMDHWWPGQNEPGPQQHTSNTIAGGSNYANSSLMGHPRQWPRGQASWPSFPMLQQGGQKNAMNYPRGPMISSRGEEGGPDGYSPRTSVDNRIMGQSNHNGMDSQNHQTPDRGFPTRNTSWTNGEGGRGHNFSGRTDNNTSRRPPREEAPFYYNTSDVNPYRGQGSQRMKGDHDQSR,256,-4.2969623,1.351413,3.86288,0.0078125,0.2109375,0.09765625,0.8098687500000001,False,False,False,False,False,1.0,False,False,False,False,False,0
088,KNNWQDSTQHWYRGGIKSEQYLMIHGFYWGPDVWAQREKYSDQWGPCAGCHQDSVYMRWPYHKHQNVTRVPQVTSNDRQPCRNDENQVKHPGQREQRNSAQRTDSHPKRTYHSQKDDSPKHHHRHPVQQSRSQFGKIKFRLHSGRRSYHYPPGAHPGKSAWRVHGQHNKYTSSWYKGARGGGDQENYDRQKHHRHAGRRRGPQGVDRERLTYPGGRYDDYTSSINEHQNITGPSPNRGYRRSYTYQDSQQYVHSQQ,256,-3.5976799,1.5088036,4.5213184,0.01171875,0.22265625,0.1171875,0.7039609375,False,False,False,False,False,1.0,False,False,False,False,False,0
081,QISLCKMSWIFYSSHHIHQWRDESPTRGNSQKMQQNMYQWLCQKRPDVQYHKKQYHPQRSRRQGYNPRGGRNMLPRPLQGNPGADTQKPPSSMYGGAGPPGRYSGKNMTRPPHQGQSSQNYPNHHQPDDSLSYVSGEGKHDGCSLYESQSGHRNRERSVRQFDPHDNQETHDTPKDGSPPKYNGWSKDPQRKRNPMPMRHHRAYFFHGPGPHRPDHEGNHHHGDGRNEYFNNLSDDKRQRQRTRKRMICDERDHTT,256,-3.6673605,1.5461895,4.6935515,0.015625,0.1875,0.0859375,0.8107500000000001,False,False,False,False,False,1.0,False,False,False,False,False,0
044,QKYDRTRTHPTGNGLTKDNGRAGQKKQLKQYPMRPHRGQSNSQASNQHKRWFGMCDDMQHGPPGPQKSPQNKQMMNWMQPHSNDNKYTQLSQDYRGNIQPDYYYTQHNRHWRHTEGQHGIIAYQYKQNMDYSQNHNNPGRTQGTDGPHGQYETTGQYTDGNRHRVDGMSVSDGGNSPRETFDESPYRSADNPPQSSDTNEPGHIFTNPSHRQYGTGTKSTPRGRPDDGPPSPNDRHYENPVNKSSYTRGNRKGTQN,256,-3.802095,1.6300029,5.1038895,0.00390625,0.171875,0.0859375,0.868162890625,False,False,False,False,False,1.0,False,False,False,False,False,0
049,HARQPISSYHIDAGPWAHRQSPGHRHKVHEWDMLMDHFTDNTHISCSFGIPRFARPRRQGKKHDHRENEQGKGDLVDCQYPDTENYRQGEQVNDVQPQPMQQSLPNFGSPWVNSQVHAGGWRPKSDSKHTYDHVKDHGEPDNYSHREDNFRGYRGQLPAYHIYGQSGMPSKGPRPRKFHDWPGRINYQDPDEGDRNSTMRRQTHTIDGTCSYTYGFPENDQNGGPQNPKPQMADNYQGDATNDQQDQEDPGNMHQH,256,-3.7472908,1.649044,5.2020044,0.01171875,0.22265625,0.09375,0.759341015625,False,False,False,False,False,1.0,False,False,False,False,False,0
116,WSYKDAHEKQDERPRPKRTGAWNTRHDPKINSRNHDTKQTYINWSMDKSTKTFPTQSHRPHRQNKTQYYNDNDQKGDQGNNPFSYNTTIGTGNQSRQGQNMNKSYQQDAHTTGMQGYPTTRPHGGTLPSMSGSRYARYDYNYQHYQIRRQDSDQYQPRHPRRTRYREHRIHWTYNPQNQSGRGPPPYDGRCRGGRQRQKTRLIMRPRRRRGTHSNRDPQNSHCFDGGSNMNFSYHSRLSHQHHYDFVSPYGHQPSD,256,-3.3316748,1.6665266,5.2937484,0.0078125,0.1875,0.109375,0.8075390625000001,False,False,False,False,False,1.0,False,False,False,False,False,0
077,GDFTTSMKPHWLLQQRSGDFKSQPPKSVPPHKNQHHHFSPQEYQSNQVSGDLWSSSEQNGEWYREGNTQHMDSTHWTGGENVGLMRDKSNYKGHDAYGDISRNPMSAYPIRHSSTMMGEGESNQSTAHQEHKNDDNQEHEHDYRHQRRRTGPNGPGPRVRYNSGHGPKQHGQSSEHGDSRYPRHYHPDPMSENWPPEFYSSSQRRGRPPARQRNPGEMHNPRPTGQKPEQNDDTPMNYNDEDNYKDYHSLDGGRVG,256,-3.7285364,1.7020833,5.4853635,0.0,0.18359375,0.0859375,0.849128515625,False,False,False,False,False,1.0,False,False,False,False,False,0
051,NSPHFKRQMHCQDPFPKQKCSRLDHEVTSKAPQLVECPPHQPRMNSCTQPRTTRQRRQKDHYHEEGNCSMCTPQSRKRYYGGRGKDHVRWLQLNAPRAGQQTMDGSSMRRQFGRNRMFSGPGGMRSNTYDPYVGDKPPGPDSNYRYWRPNKIPYDRMSGPPRNRERYNTDFQHRQPNEMQPYVFRRSQRVQMAAMPYMHRNQQMPDAHSNHANGRIGGQQGRNPESQDNFRDQIQFMNEETYKFGHADKGDRQHRD,256,-3.1945095,1.8273506,6.2173924,0.0234375,0.2265625,0.08984375,0.74113046875,False,False,False,False,False,1.0,False,False,False,False,False,0
032,WYVDGMSCTAMPPFPKQYEVFLQEKPDDPKDFETMVYWFHHETRSYRGMAFVHYKMMRMSNEGGQVHETNESDQNFNPNGGSDCPRQGDGMKGGMPQGHHRGIRGTTPSKRSRQIDKDADDSKQGGLGLYPKQEDYYDDYHSFPHSREGDDNPDSETIANRGSTTDTMDNMDSHGEQNSHRKNSYRGRYHPIDERNNNMTRYDNQYQQKMQYDYESRYQTKRPDQTHTRPDGNNRRDWEGDSQSRPQGPEWPFNCN,256,-3.3453426,1.8592978,6.419227,0.01171875,0.22265625,0.109375,0.732437890625,False,False,False,False,False,1.0,False,False,False,False,False,0
126,LQEHMKRNDWMGEIETIPSHNWGMEYLSYNQWYHQVWMMNMHHPTLDKRWMDFQAYFGGSSHQSRNEKNKPIANTGNGNSKDYRWGRSTSPQMGPHDKTRDNSYKPNKNQKFNRHRKPCRSPPQGHMPNGQTQPAGGCNLHHNQRRHPESGGASFGRRENSNNSLPVHHNQWGNFQRHDMEKSRGGQHGVTSGGYGPELYQSNPIGKQIPEMGKDKNMGQGHGRSGSGRYQPGKVFFDYRQKISHNSRQVGRGNNE,256,-3.2211049,1.8627678,6.441541,0.0078125,0.22265625,0.09375,0.7363136718750001,False,False,False,False,False,1.0,False,False,False,False,False,0
014,PRWQGIDGVEAGEMDMQRECVQTMQNQQWYMIHQVTSPNERMDKRNTIGVRDNAQYSDHNGQKHEDDQHYNSTPEGFDGCRYTHMNMRPENDQIMNIYDFMTGTCGGDQMQTPGSPRGNHGYRGGEDYPHSHRDHGRQPPRNRTRDSGEEKHQGWNYSDGDDDQHGAGDDGWGEQDYRRSQGDHGHNGYRSMYNGKRSSEQTEHGNGYRKPIDWHGDNSRDEDIHETQDRCERYHRLRHRGSQQDSHQFEGDQNRR,256,-3.2498035,1.8807946,6.558715,0.015625,0.18359375,0.08203125,0.77874296875,False,False,False,False,False,1.0,False,False,False,False,False,0
089,LVFWETDNCAKDEEMASTKGMRLMWDTVMTTGTPGMYEYRINDHGFTGDIFHFGMRSPFERQEGEYSHYPGRHPSSHSFDGKSHHTGKSTQQYPMPQLGMPYADSKHTEDGFPSGGNRKDDQADHYDQSPRRVYPPGIDSGGNNENGRTTSGMMYHNRRHTGRTPPQKPGYQGHEKYDQSNFNGHRYREPESREPFPRGNNDESTAMYGDHSMSPSRKDWYRGSAFPQQPEGPFPEEGGRGDASQPNDHETNNTPY,256,-3.2462437,1.9509988,7.0357113,0.00390625,0.22265625,0.11328125,0.76143515625,False,False,False,False,False,1.0,False,False,False,False,False,0
058,TNPHNNQQTRQPHCYTGRAECEPPPRQTYPKRHFAAPNPDRYHMTNHFPCVQEMPMYGNDFKAPGHNYNHIRYMTGQSRSRNYQTPRWPMHQPHKTIATKRPGKSGQGDPGRRSPDGPDGDNGANDHNRWSYRHPQMFTNWEFPLIDEHFGGPPEREHHRKDQIEQGFFRSMRKMPPRRHDNVRHRPRQHGGHSNTTTDNIFRRKGGRGSPGPSLGRHGPRKYRSFSRPSRDNYDAGRHTHGHPYGGGKRGCHVGE,256,-2.6932263,2.1765282,8.815647,0.015625,0.19140625,0.09375,0.799242578125,False,False,False,False,False,1.0,False,False,False,False,False,0
047,WIMNMNTITAGWAQLVQSVNHEMPTIFDKNRRGPQKYRWTWRISSNLTTSIKLNQRTSSSQVQPIIHDQQHKPMQDHGQQSRKDTACSSPHPVNQNGPQYADQFQATDTGQSHPNSPSIYNNQGSHRDSDPGNYPYRRGRHGQSQCGYESDRYRQPELSDGMFPYTLQKRARGRTSRTGGPKRSRQAGYQYGNGLMTRRVDSNPRAKNSRNTHYCHQRGGSIQQPQFQNGFGDKGHDVRRDNPSQQYQQVYNMGRQ,256,-2.5172358,2.355004,10.538172,0.01171875,0.23046875,0.0859375,0.758319921875,False,False,False,False,False,1.0,False,False,False,False,False,0
082,LMQDCDLVDHSGSRVHISMMWDPCHSSYSDRSKHENAQRQRFPKYSRRHRWHRIRNERWQTMSHTSTWQSWHRYKNYGRHRGHRGHSQNYGHSSRGRQKPGQPSSDQPYPPMRRSFPYRPQPMGPDNKRMHNAHRNSRMQDHSPPEGRYMNDDGKNSADGKGMSSNGRNFRTQRTGGNRDGTQGQKDNLGNMYRGVQGNVMYRTHGYHGQHRSDPRRRRRTPGDQRNDNRAHDRHRPMMGFYQTNGYNSPKNDEAD,256,-2.4226995,2.363705,10.630262,0.0078125,0.1953125,0.0859375,0.799750390625,False,False,False,False,False,1.0,False,False,False,False,False,0
016,TAVGLAWRRWMQCCLRTMDGRSGTQGIVKAMKYRRMYPYEDSINDKHRSNPMSTHSAQHQGHQNKMEHHSDFYDNDCFSHHSGPQPYGNTNYGRPARRPEPRNGHGYPRGHDQQYQFTPIPAMQHGRVGRDWTGKNMYNRRTQQAGNVGDGPRCGGSMHGMAFWGPPSEQNPPNSMLPNIVDRSSRRPGHHGMGHHWGGDGNNKNMSGPGGKGGFQIGFHHDYKRPDPQRKRGVRKIYMYVDSSSKRPRHNPRHRW,256,-2.4127884,2.368415,10.680451,0.015625,0.2421875,0.09375,0.709726171875,False,False,False,False,False,1.0,False,False,False,False,False,0
119,SINFVTKDSELKYQNHMMVPHPATHSGPKAEFSKGAPNETTKQDRKFRTEASKSGHNTQSHMFGEKEPDQHGFGMDVGEDMSTDDPTPDYWRPSPYNGTRAPSNFSGQDPRYRGERPQDDQKERQNMGPTHQYYRMHQSGSPGQKQMQPIYHLDQNQMGRPAKSDRDKYPGGQDNGNKSTHDRMEPGPKSYNPHERRSGQRNMGDYGRGGYNRSPARPPRVSNDNTSKPQQTSWRRGGQYQGHYTGGYPLGGGNPS,256,-2.6554737,2.430576,11.365428,0.0,0.19140625,0.0859375,0.8869527343750001,False,False,False,False,False,1.0,False,False,False,False,False,0
024,STPKCRHQEKKRSQSKDHGMTHVFRFTFIIFYQVNSIGASTYTQDKGAQTSQANFEFPRMSDIMRENKPQQMQSPHPSGQQDHLQHRPTDDCGKGSSSWDDGTNKRKTNSSFGQDTPFHNADRHVSRNIRHEEGGGGYQMENQSDVSVSGRRTSRQGGKGMNQDRDKRSASMGPGNYSWVQPQRQDTKGMHRRDTKYAGYGTHEPYLGDFMRGGFGRPGGHVSYKNRNIRPTDRQRQTIEYYKQKTMYYGQSDIFK,256,-2.423003,2.448212,11.567644,0.0078125,0.2265625,0.09765625,0.72496953125,False,False,False,False,False,1.0,False,False,False,False,False,0
041,PGIQFAHDSKFYYEYANDEADNWHQTGDGMFKRRNRKPQGPDDYYPFTHSDKRMGEHGMPTHQHKPDSAMYYQYNHTRPTHSMRRPGQYSHHKQHQRSGGQGPPAQEQQSGQPRWPFRTSELNQHQHRSKRPTYHRQYRGANTSCSPHGTQPGGTQRPSTNTAEDSRHQGKTGKKHGHRSGNRHGPHPRDGFKNPQTGRHERQGSRDQDTGETGNSQNQQEQHQPGHERRGRNGRMFQPCYDQRGKKQRGMGSRDK,256,-2.3950365,2.4547195,11.6431675,0.0078125,0.14453125,0.08203125,0.8871523437500001,False,False,False,False,False,1.0,False,False,False,False,False,0
010,CGWRCGMCEENKDMIMNNDPMSCHHQTFETSQYQRENMQVSHSWKFVPNSQRPTYQQTNRDDCHEGRRRAPHEKDDPRGERYRSMKTNPHRWNSGRNGAGSPNVDPMKNSEHFSDVFSRDGGSSRKRKTPGVKRRRNYNDRGRFTHPNYPQKSWSFGNAHNSCYKYMRGRGQGPPSGEYPGYSGTTEGHRLRGGRIGGKHTDRFHFFHHTRGERRYSYKWRVRHGPDRRFSRGYSGNKRSQMNKGKSDGWQLVFMH,256,-2.2880297,2.4710681,11.835082,0.0234375,0.20703125,0.11328125,0.65365859375,False,False,False,True,True,1.0,False,False,False,False,True,1
